Episode,Reward
1,-248
2,-133
3,-242
4,-246
5,-248
6,-248
7,-249
8,-248
9,-246
10,-245
11,-250
12,-250
13,-246
14,-248
15,-246
16,-250
17,-248
18,-249
19,-249
20,-250
21,-250
22,-249
23,-249
24,-250
25,-248
26,-246
27,-249
28,-249
29,-250
30,-250
31,-250
32,-250
33,-250
34,-246
35,-248
36,-249
37,-249
38,-248
39,-248
40,-248
41,-244
42,-249
43,-246
44,-247
45,-245
46,-242
47,-246
48,-245
49,-240
50,-250
51,-252
52,-242
53,-247
54,-241
55,-245
56,-248
57,-245
58,-250
59,-237
60,-246
61,-249
62,-236
63,-249
64,-243
65,-245
66,-240
67,-240
68,-236
69,-239
70,-242
71,-241
72,-245
73,-245
74,-247
75,-235
76,-241
77,-246
78,-250
79,-243
80,-240
81,-242
82,-246
83,-244
84,-245
85,-248
86,-240
87,-247
88,-239
89,-237
90,-242
91,-246
92,-238
93,-242
94,-252
95,-247
96,-245
97,-243
98,-253
99,-241
100,-241
101,-244
102,-245
103,-243
104,-248
105,-242
106,-255
107,-241
108,-236
109,-244
110,-244
111,-245
112,-241
113,-244
114,-241
115,-243
116,-238
117,-243
118,-243
119,-241
120,-242
121,-240
122,-242
123,-240
124,-243
125,-245
126,-237
127,-250
128,-247
129,-243
130,-242
131,-245
132,-242
133,-237
134,-249
135,-248
136,-235
137,-241
138,-239
139,-244
140,-240
141,-244
142,-248
143,-248
144,-245
145,-234
146,-244
147,-245
148,-246
149,-240
150,-254
151,-246
152,-245
153,-236
154,-244
155,-248
156,-242
157,-241
158,-242
159,-242
160,-252
161,-252
162,-241
163,-247
164,-242
165,-244
166,-236
167,-244
168,-237
169,-235
170,-232
171,-245
172,-246
173,-251
174,-238
175,-242
176,-243
177,-237
178,-237
179,-252
180,-251
181,-237
182,-241
183,-240
184,-249
185,-237
186,-248
187,-246
188,-245
189,-235
190,-242
191,-242
192,-240
193,-244
194,-250
195,-247
196,-240
197,-250
198,-242
199,-252
200,-238
201,-236
202,-247
203,-245
204,-243
205,-241
206,-250
207,-248
208,-244
209,-244
210,-250
211,-239
212,-240
213,-245
214,-241
215,-249
216,-249
217,-250
218,-241
219,-244
220,-247
221,-246
222,-252
223,-239
224,-253
225,-248
226,-240
227,-242
228,-247
229,-251
230,-244
231,-246
232,-245
233,-238
234,-249
235,-248
236,-238
237,-236
238,-240
239,-241
240,-240
241,-245
242,-246
243,-252
244,-251
245,-248
246,-249
247,-250
248,-250
249,-243
250,-248
251,-235
252,-248
253,-237
254,-249
255,-239
256,-245
257,-249
258,-247
259,-250
260,-239
261,-239
262,-244
263,-247
264,-250
265,-250
266,-242
267,-239
268,-249
269,-242
270,-250
271,-242
272,-238
273,-252
274,-238
275,-237
276,-239
277,-239
278,-247
279,-241
280,-247
281,-237
282,-252
283,-243
284,-240
285,-242
286,-237
287,-251
288,-250
289,-244
290,-240
291,-252
292,-241
293,-252
294,-240
295,-242
296,-243
297,-251
298,-242
299,-245
300,-238
301,-236
302,-243
303,-236
304,-238
305,-244
306,-242
307,-249
308,-246
309,-249
310,-247
311,-238
312,-239
313,-239
314,-234
315,-255
316,-242
317,-240
318,-245
319,-249
320,-243
321,-245
322,-245
323,-247
324,-243
325,-244
326,-249
327,-250
328,-239
329,-244
330,-250
331,-251
332,-243
333,-238
334,-247
335,-250
336,-256
337,-247
338,-243
339,-250
340,-258
341,-247
342,-238
343,-246
344,-251
345,-250
346,-250
347,-247
348,-244
349,-247
350,-239
351,-246
352,-248
353,-241
354,-253
355,-243
356,-243
357,-238
358,-242
359,-250
360,-246
361,-250
362,-247
363,-253
364,-241
365,-250
366,-239
367,-249
368,-250
369,-244
370,-250
371,-239
372,-249
373,-246
374,-240
375,-239
376,-238
377,-249
378,-245
379,-241
380,-244
381,-239
382,-244
383,-237
384,-244
385,-250
386,-247
387,-249
388,-249
389,-241
390,-238
391,-246
392,-245
393,-243
394,-252
395,-237
396,-247
397,-243
398,-247
399,-236
400,-250
401,-244
402,-241
403,-245
404,-234
405,-236
406,-248
407,-246
408,-237
409,-250
410,-245
411,-248
412,-245
413,-244
414,-254
415,-241
416,-244
417,-248
418,-243
419,-242
420,-246
421,-243
422,-243
423,-246
424,-246
425,-237
426,-239
427,-238
428,-250
429,-250
430,-241
431,-243
432,-237
433,-252
434,-250
435,-256
436,-250
437,-246
438,-252
439,-241
440,-250
441,-246
442,-250
443,-249
444,-248
445,-241
446,-243
447,-250
448,-252
449,-241
450,-245
451,-235
452,-248
453,-243
454,-248
455,-238
456,-243
457,-243
458,-244
459,-246
460,-252
461,-242
462,-236
463,-250
464,-250
465,-245
466,-244
467,-254
468,-239
469,-242
470,-248
471,-246
472,-247
473,-247
474,-243
475,-244
476,-246
477,-248
478,-250
479,-254
480,-251
481,-241
482,-250
483,-250
484,-240
485,-248
486,-235
487,-245
488,-251
489,-248
490,-242
491,-250
492,-247
493,-241
494,-250
495,-250
496,-241
497,-247
498,-243
499,-241
500,-252
501,-250
502,-249
503,-252
504,-246
505,-249
506,-248
507,-246
508,-250
509,-243
510,-245
511,-250
512,-244
513,-250
514,-247
515,-246
516,-248
517,-248
518,-243
519,-244
520,-245
521,-250
522,-247
523,-250
524,-235
525,-248
526,-249
527,-249
528,-243
529,-241
530,-242
531,-245
532,-247
533,-250
534,-249
535,-254
536,-244
537,-245
538,-250
539,-250
540,-250
541,-249
542,-250
543,-250
544,-249
545,-246
546,-249
547,-248
548,-250
549,-241
550,-249
551,-249
552,-246
553,-246
554,-248
555,-239
556,-248
557,-245
558,-242
559,-252
560,-245
561,-242
562,-240
563,-250
564,-248
565,-247
566,-244
567,-246
568,-247
569,-240
570,-242
571,-253
572,-242
573,-246
574,-257
575,-241
576,-250
577,-246
578,-248
579,-250
580,-247
581,-258
582,-243
583,-249
584,-250
585,-257
586,-247
587,-245
588,-253
589,-246
590,-245
591,-243
592,-246
593,-238
594,-249
595,-248
596,-249
597,-242
598,-251
599,-250
600,-250
601,-248
602,-248
603,-250
604,-248
605,-246
606,-253
607,-250
608,-247
609,-247
610,-249
611,-246
612,-251
613,-241
614,-250
615,-240
616,-243
617,-244
618,-246
619,-246
620,-250
621,-250
622,-248
623,-242
624,-242
625,-252
626,-250
627,-243
628,-236
629,-244
630,-250
631,-248
632,-247
633,-244
634,-247
635,-239
636,-246
637,-252
638,-246
639,-250
640,-247
641,-244
642,-248
643,-243
644,-247
645,-249
646,-250
647,-246
648,-250
649,-248
650,-245
651,-244
652,-253
653,-250
654,-249
655,-242
656,-242
657,-246
658,-244
659,-254
660,-253
661,-240
662,-242
663,-244
664,-250
665,-245
666,-250
667,-249
668,-247
669,-246
670,-250
671,-250
672,-243
673,-243
674,-250
675,-249
676,-252
677,-250
678,-242
679,-247
680,-248
681,-248
682,-250
683,-249
684,-245
685,-241
686,-250
687,-250
688,-247
689,-249
690,-251
691,-250
692,-248
693,-248
694,-246
695,-248
696,-241
697,-244
698,-250
699,-247
700,-250
701,-250
702,-249
703,-246
704,-251
705,-249
706,-248
707,-245
708,-238
709,-249
710,-241
711,-241
712,-250
713,-247
714,-243
715,-246
716,-250
717,-241
718,-247
719,-248
720,-246
721,-247
722,-250
723,-244
724,-248
725,-248
726,-244
727,-244
728,-249
729,-246
730,-247
731,-245
732,-248
733,-244
734,-239
735,-250
736,-249
737,-245
738,-257
739,-246
740,-250
741,-249
742,-249
743,-248
744,-250
745,-250
746,-249
747,-250
748,-246
749,-250
750,-247
751,-244
752,-246
753,-253
754,-247
755,-246
756,-249
757,-248
758,-250
759,-250
760,-255
761,-250
762,-249
763,-244
764,-248
765,-250
766,-250
767,-248
768,-254
769,-249
770,-250
771,-248
772,-243
773,-247
774,-248
775,-250
776,-249
777,-250
778,-247
779,-250
780,-248
781,-248
782,-248
783,-249
784,-247
785,-254
786,-248
787,-248
788,-250
789,-248
790,-246
791,-250
792,-245
793,-249
794,-248
795,-250
796,-256
797,-249
798,-248
799,-246
800,-250
801,-247
802,-248
803,-250
804,-247
805,-247
806,-248
807,-246
808,-248
809,-244
810,-244
811,-242
812,-249
813,-252
814,-246
815,-250
816,-248
817,-249
818,-244
819,-249
820,-251
821,-248
822,-248
823,-250
824,-245
825,-250
826,-251
827,-250
828,-249
829,-241
830,-250
831,-243
832,-249
833,-249
834,-250
835,-250
836,-243
837,-247
838,-245
839,-249
840,-246
841,-248
842,-248
843,-247
844,-241
845,-249
846,-245
847,-245
848,-248
849,-246
850,-250
851,-249
852,-250
853,-245
854,-244
855,-246
856,-248
857,-244
858,-246
859,-248
860,-248
861,-248
862,-249
863,-250
864,-250
865,-243
866,-245
867,-255
868,-248
869,-250
870,-245
871,-241
872,-247
873,-249
874,-246
875,-244
876,-245
877,-243
878,-250
879,-249
880,-250
881,-249
882,-249
883,-249
884,-251
885,-247
886,-248
887,-245
888,-250
889,-249
890,-246
891,-247
892,-249
893,-252
894,-248
895,-248
896,-248
897,-247
898,-244
899,-250
900,-247
901,-247
902,-246
903,-247
904,-242
905,-248
906,-244
907,-242
908,-246
909,-247
910,-249
911,-255
912,-234
913,-247
914,-248
915,-243
916,-245
917,-253
918,-250
919,-250
920,-250
921,-249
922,-249
923,-247
924,-238
925,-251
926,-244
927,-248
928,-246
929,-250
930,-247
931,-249
932,-246
933,-243
934,-240
935,-249
936,-250
937,-249
938,-252
939,-250
940,-245
941,-249
942,-250
943,-248
944,-249
945,-250
946,-249
947,-249
948,-246
949,-245
950,-250
951,-247
952,-250
953,-247
954,-246
955,-249
956,-249
957,-250
958,-250
959,-247
960,-247
961,-246
962,-247
963,-249
964,-250
965,-250
966,-252
967,-250
968,-245
969,-245
970,-248
971,-249
972,-247
973,-240
974,-250
975,-250
976,-250
977,-244
978,-249
979,-249
980,-246
981,-249
982,-250
983,-246
984,-248
985,-249
986,-243
987,-248
988,-244
989,-248
990,-232
991,-247
992,-250
993,-250
994,-245
995,-247
996,-249
997,-246
998,-250
999,-248
1000,-250
1001,-244
1002,-249
1003,-248
1004,-248
1005,-246
1006,-250
1007,-247
1008,-253
1009,-247
1010,-245
1011,-250
1012,-242
1013,-246
1014,-243
1015,-257
1016,-246
1017,-250
1018,-248
1019,-249
1020,-244
1021,-250
1022,-238
1023,-245
1024,-246
1025,-248
1026,-250
1027,-246
1028,-248
1029,-251
1030,-250
1031,-245
1032,-250
1033,-237
1034,-249
1035,-249
1036,-244
1037,-250
1038,-240
1039,-246
1040,-251
1041,-250
1042,-247
1043,-248
1044,-250
1045,-249
1046,-248
1047,-250
1048,-249
1049,-244
1050,-248
1051,-249
1052,-248
1053,-247
1054,-248
1055,-250
1056,-246
1057,-250
1058,-246
1059,-249
1060,-250
1061,-249
1062,-256
1063,-247
1064,-247
1065,-249
1066,-245
1067,-248
1068,-250
1069,-250
1070,-250
1071,-249
1072,-246
1073,-255
1074,-241
1075,-249
1076,-249
1077,-250
1078,-248
1079,-258
1080,-252
1081,-250
1082,-245
1083,-249
1084,-243
1085,-249
1086,-250
1087,-246
1088,-249
1089,-249
1090,-249
1091,-248
1092,-248
1093,-248
1094,-250
1095,-250
1096,-247
1097,-247
1098,-248
1099,-249
1100,-248
1101,-249
1102,-250
1103,-248
1104,-250
1105,-248
1106,-248
1107,-250
1108,-250
1109,-246
1110,-247
1111,-244
1112,-250
1113,-245
1114,-246
1115,-246
1116,-250
1117,-250
1118,-250
1119,-250
1120,-244
1121,-245
1122,-250
1123,-247
1124,-249
1125,-248
1126,-249
1127,-247
1128,-242
1129,-250
1130,-247
1131,-247
1132,-250
1133,-250
1134,-249
1135,-250
1136,-254
1137,-244
1138,-250
1139,-250
1140,-249
1141,-245
1142,-250
1143,-240
1144,-242
1145,-247
1146,-250
1147,-247
1148,-247
1149,-250
1150,-249
1151,-248
1152,-247
1153,-244
1154,-251
1155,-251
1156,-245
1157,-244
1158,-249
1159,-254
1160,-250
1161,-252
1162,-248
1163,-248
1164,-247
1165,-248
1166,-251
1167,-250
1168,-250
1169,-246
1170,-249
1171,-243
1172,-244
1173,-247
1174,-250
1175,-245
1176,-249
1177,-250
1178,-250
1179,-250
1180,-247
1181,-249
1182,-256
1183,-250
1184,-246
1185,-249
1186,-246
1187,-240
1188,-241
1189,-257
1190,-246
1191,-250
1192,-248
1193,-242
1194,-242
1195,-249
1196,-247
1197,-250
1198,-247
1199,-247
1200,-250
1201,-242
1202,-249
1203,-251
1204,-244
1205,-248
1206,-245
1207,-249
1208,-249
1209,-250
1210,-239
1211,-239
1212,-244
1213,-250
1214,-247
1215,-245
1216,-249
1217,-249
1218,-250
1219,-249
1220,-249
1221,-250
1222,-250
1223,-246
1224,-249
1225,-248
1226,-248
1227,-249
1228,-244
1229,-256
1230,-253
1231,-250
1232,-250
1233,-250
1234,-245
1235,-250
1236,-241
1237,-242
1238,-249
1239,-250
1240,-247
1241,-249
1242,-249
1243,-252
1244,-250
1245,-251
1246,-247
1247,-252
1248,-249
1249,-246
1250,-254
1251,-252
1252,-249
1253,-247
1254,-248
1255,-252
1256,-250
1257,-247
1258,-245
1259,-244
1260,-247
1261,-249
1262,-247
1263,-249
1264,-246
1265,-246
1266,-248
1267,-246
1268,-250
1269,-248
1270,-245
1271,-247
1272,-247
1273,-248
1274,-253
1275,-249
1276,-250
1277,-249
1278,-245
1279,-249
1280,-249
1281,-254
1282,-250
1283,-249
1284,-247
1285,-258
1286,-245
1287,-242
1288,-247
1289,-244
1290,-249
1291,-249
1292,-251
1293,-245
1294,-248
1295,-245
1296,-249
1297,-248
1298,-249
1299,-247
1300,-247
1301,-241
1302,-248
1303,-241
1304,-248
1305,-247
1306,-248
1307,-250
1308,-249
1309,-248
1310,-250
1311,-253
1312,-238
1313,-247
1314,-258
1315,-246
1316,-242
1317,-249
1318,-250
1319,-247
1320,-238
1321,-245
1322,-250
1323,-244
1324,-250
1325,-247
1326,-246
1327,-246
1328,-244
1329,-246
1330,-247
1331,-247
1332,-248
1333,-247
1334,-249
1335,-250
1336,-249
1337,-248
1338,-245
1339,-249
1340,-250
1341,-248
1342,-246
1343,-247
1344,-248
1345,-247
1346,-250
1347,-244
1348,-249
1349,-247
1350,-249
1351,-250
1352,-248
1353,-249
1354,-248
1355,-250
1356,-249
1357,-246
1358,-245
1359,-249
1360,-250
1361,-251
1362,-249
1363,-245
1364,-247
1365,-250
1366,-251
1367,-247
1368,-249
1369,-245
1370,-248
1371,-250
1372,-249
1373,-249
1374,-250
1375,-247
1376,-248
1377,-250
1378,-249
1379,-251
1380,-250
1381,-248
1382,-250
1383,-250
1384,-247
1385,-249
1386,-249
1387,-249
1388,-248
1389,-246
1390,-249
1391,-247
1392,-250
1393,-242
1394,-248
1395,-248
1396,-250
1397,-249
1398,-240
1399,-253
1400,-249
1401,-248
1402,-249
1403,-250
1404,-246
1405,-250
1406,-241
1407,-245
1408,-248
1409,-246
1410,-249
1411,-248
1412,-250
1413,-245
1414,-245
1415,-251
1416,-253
1417,-250
1418,-250
1419,-246
1420,-242
1421,-253
1422,-250
1423,-243
1424,-250
1425,-250
1426,-249
1427,-245
1428,-250
1429,-247
1430,-249
1431,-245
1432,-249
1433,-250
1434,-248
1435,-250
1436,-247
1437,-248
1438,-247
1439,-244
1440,-256
1441,-247
1442,-246
1443,-242
1444,-250
1445,-250
1446,-247
1447,-248
1448,-250
1449,-248
1450,-248
1451,-246
1452,-247
1453,-249
1454,-242
1455,-250
1456,-245
1457,-248
1458,-249
1459,-247
1460,-247
1461,-250
1462,-250
1463,-247
1464,-250
1465,-256
1466,-250
1467,-249
1468,-251
1469,-249
1470,-248
1471,-244
1472,-250
1473,-247
1474,-247
1475,-245
1476,-249
1477,-249
1478,-249
1479,-250
1480,-239
1481,-250
1482,-245
1483,-242
1484,-249
1485,-239
1486,-247
1487,-249
1488,-250
1489,-242
1490,-244
1491,-254
1492,-250
1493,-254
1494,-249
1495,-247
1496,-258
1497,-247
1498,-249
1499,-248
1500,-245
1501,-247
1502,-249
1503,-243
1504,-248
1505,-245
1506,-257
1507,-249
1508,-250
1509,-248
1510,-249
1511,-249
1512,-251
1513,-247
1514,-247
1515,-249
1516,-250
1517,-249
1518,-246
1519,-247
1520,-250
1521,-249
1522,-250
1523,-250
1524,-250
1525,-249
1526,-250
1527,-248
1528,-248
1529,-250
1530,-250
1531,-250
1532,-250
1533,-252
1534,-248
1535,-246
1536,-242
1537,-241
1538,-249
1539,-249
1540,-246
1541,-250
1542,-250
1543,-248
1544,-250
1545,-247
1546,-247
1547,-249
1548,-254
1549,-250
1550,-250
1551,-245
1552,-250
1553,-248
1554,-250
1555,-250
1556,-249
1557,-245
1558,-248
1559,-246
1560,-243
1561,-247
1562,-250
1563,-248
1564,-252
1565,-244
1566,-250
1567,-250
1568,-255
1569,-248
1570,-252
1571,-250
1572,-250
1573,-247
1574,-248
1575,-239
1576,-244
1577,-248
1578,-250
1579,-248
1580,-243
1581,-250
1582,-248
1583,-250
1584,-252
1585,-258
1586,-247
1587,-249
1588,-250
1589,-248
1590,-250
1591,-250
1592,-249
1593,-246
1594,-247
1595,-246
1596,-253
1597,-250
1598,-243
1599,-250
1600,-249
1601,-250
1602,-249
1603,-249
1604,-240
1605,-254
1606,-247
1607,-247
1608,-247
1609,-248
1610,-249
1611,-250
1612,-250
1613,-245
1614,-251
1615,-250
1616,-248
1617,-249
1618,-248
1619,-249
1620,-250
1621,-246
1622,-246
1623,-247
1624,-246
1625,-248
1626,-249
1627,-249
1628,-240
1629,-248
1630,-243
1631,-249
1632,-249
1633,-250
1634,-249
1635,-243
1636,-242
1637,-247
1638,-250
1639,-247
1640,-246
1641,-248
1642,-249
1643,-250
1644,-251
1645,-246
1646,-250
1647,-250
1648,-255
1649,-248
1650,-249
1651,-250
1652,-249
1653,-256
1654,-249
1655,-250
1656,-244
1657,-250
1658,-250
1659,-244
1660,-249
1661,-250
1662,-246
1663,-250
1664,-249
1665,-246
1666,-249
1667,-248
1668,-247
1669,-250
1670,-248
1671,-247
1672,-250
1673,-246
1674,-250
1675,-250
1676,-249
1677,-248
1678,-249
1679,-248
1680,-250
1681,-248
1682,-247
1683,-251
1684,-246
1685,-250
1686,-250
1687,-245
1688,-250
1689,-248
1690,-249
1691,-247
1692,-250
1693,-249
1694,-252
1695,-250
1696,-250
1697,-250
1698,-252
1699,-250
1700,-245
1701,-245
1702,-247
1703,-245
1704,-247
1705,-244
1706,-250
1707,-243
1708,-249
1709,-248
1710,-249
1711,-249
1712,-257
1713,-249
1714,-255
1715,-247
1716,-250
1717,-250
1718,-243
1719,-247
1720,-248
1721,-249
1722,-246
1723,-245
1724,-259
1725,-249
1726,-250
1727,-248
1728,-250
1729,-248
1730,-250
1731,-248
1732,-246
1733,-247
1734,-250
1735,-246
1736,-248
1737,-244
1738,-247
1739,-244
1740,-250
1741,-248
1742,-248
1743,-250
1744,-256
1745,-245
1746,-249
1747,-250
1748,-248
1749,-250
1750,-248
1751,-249
1752,-250
1753,-250
1754,-249
1755,-244
1756,-250
1757,-246
1758,-246
1759,-247
1760,-251
1761,-250
1762,-250
1763,-246
1764,-250
1765,-249
1766,-246
1767,-248
1768,-249
1769,-257
1770,-250
1771,-250
1772,-250
1773,-248
1774,-250
1775,-249
1776,-250
1777,-250
1778,-250
1779,-254
1780,-248
1781,-250
1782,-244
1783,-250
1784,-250
1785,-249
1786,-250
1787,-249
1788,-249
1789,-257
1790,-250
1791,-246
1792,-251
1793,-246
1794,-247
1795,-248
1796,-250
1797,-250
1798,-247
1799,-250
1800,-250
1801,-250
1802,-249
1803,-248
1804,-253
1805,-250
1806,-250
1807,-247
1808,-247
1809,-250
1810,-250
1811,-250
1812,-250
1813,-248
1814,-249
1815,-250
1816,-248
1817,-250
1818,-250
1819,-256
1820,-256
1821,-251
1822,-248
1823,-250
1824,-250
1825,-246
1826,-246
1827,-248
1828,-250
1829,-247
1830,-250
1831,-249
1832,-249
1833,-245
1834,-250
1835,-244
1836,-250
1837,-251
1838,-249
1839,-250
1840,-254
1841,-249
1842,-250
1843,-250
1844,-254
1845,-248
1846,-250
1847,-250
1848,-249
1849,-249
1850,-250
1851,-248
1852,-247
1853,-250
1854,-247
1855,-248
1856,-250
1857,-250
1858,-247
1859,-249
1860,-244
1861,-249
1862,-250
1863,-250
1864,-243
1865,-254
1866,-243
1867,-248
1868,-249
1869,-248
1870,-248
1871,-248
1872,-250
1873,-252
1874,-248
1875,-250
1876,-248
1877,-250
1878,-249
1879,-247
1880,-249
1881,-245
1882,-248
1883,-250
1884,-247
1885,-250
1886,-247
1887,-248
1888,-247
1889,-246
1890,-246
1891,-250
1892,-249
1893,-249
1894,-257
1895,-248
1896,-248
1897,-247
1898,-245
1899,-240
1900,-250
1901,-248
1902,-259
1903,-248
1904,-250
1905,-249
1906,-250
1907,-248
1908,-246
1909,-248
1910,-245
1911,-244
1912,-249
1913,-250
1914,-250
1915,-249
1916,-250
1917,-250
1918,-250
1919,-253
1920,-250
1921,-249
1922,-250
1923,-249
1924,-248
1925,-246
1926,-246
1927,-244
1928,-246
1929,-250
1930,-249
1931,-249
1932,-249
1933,-249
1934,-246
1935,-250
1936,-248
1937,-250
1938,-249
1939,-255
1940,-249
1941,-250
1942,-250
1943,-242
1944,-257
1945,-248
1946,-247
1947,-254
1948,-245
1949,-246
1950,-254
1951,-245
1952,-249
1953,-246
1954,-250
1955,-248
1956,-247
1957,-249
1958,-251
1959,-247
1960,-250
1961,-254
1962,-249
1963,-254
1964,-250
1965,-249
1966,-240
1967,-246
1968,-247
1969,-255
1970,-248
1971,-250
1972,-250
1973,-245
1974,-247
1975,-249
1976,-244
1977,-248
1978,-247
1979,-250
1980,-250
1981,-245
1982,-246
1983,-248
1984,-243
1985,-250
1986,-250
1987,-249
1988,-250
1989,-251
1990,-247
1991,-249
1992,-244
1993,-248
1994,-250
1995,-249
1996,-249
1997,-250
1998,-248
1999,-245
2000,-249
2001,-250
2002,-250
2003,-247
2004,-242
2005,-250
2006,-250
2007,-243
2008,-248
2009,-247
2010,-250
2011,-244
2012,-250
2013,-250
2014,-248
2015,-248
2016,-250
2017,-248
2018,-244
2019,-251
2020,-249
2021,-250
2022,-249
2023,-246
2024,-240
2025,-250
2026,-248
2027,-245
2028,-249
2029,-249
2030,-250
2031,-246
2032,-243
2033,-248
2034,-246
2035,-252
2036,-252
2037,-249
2038,-248
2039,-258
2040,-249
2041,-250
2042,-247
2043,-250
2044,-249
2045,-250
2046,-249
2047,-250
2048,-248
2049,-249
2050,-250
2051,-247
2052,-250
2053,-244
2054,-250
2055,-250
2056,-249
2057,-250
2058,-250
2059,-248
2060,-249
2061,-244
2062,-249
2063,-247
2064,-244
2065,-250
2066,-249
2067,-250
2068,-248
2069,-249
2070,-245
2071,-250
2072,-245
2073,-248
2074,-246
2075,-250
2076,-250
2077,-247
2078,-249
2079,-250
2080,-250
2081,-243
2082,-249
2083,-247
2084,-249
2085,-250
2086,-243
2087,-248
2088,-245
2089,-249
2090,-247
2091,-248
2092,-252
2093,-246
2094,-250
2095,-250
2096,-256
2097,-249
2098,-249
2099,-251
2100,-249
2101,-256
2102,-250
2103,-248
2104,-245
2105,-247
2106,-250
2107,-250
2108,-248
2109,-247
2110,-249
2111,-246
2112,-250
2113,-249
2114,-244
2115,-249
2116,-249
2117,-250
2118,-246
2119,-245
2120,-246
2121,-250
2122,-245
2123,-248
2124,-250
2125,-248
2126,-249
2127,-251
2128,-250
2129,-250
2130,-249
2131,-250
2132,-249
2133,-250
2134,-249
2135,-250
2136,-251
2137,-248
2138,-248
2139,-243
2140,-247
2141,-249
2142,-244
2143,-249
2144,-250
2145,-248
2146,-250
2147,-243
2148,-249
2149,-247
2150,-247
2151,-251
2152,-247
2153,-249
2154,-248
2155,-247
2156,-248
2157,-248
2158,-249
2159,-250
2160,-247
2161,-249
2162,-247
2163,-247
2164,-244
2165,-245
2166,-250
2167,-250
2168,-248
2169,-249
2170,-250
2171,-250
2172,-249
2173,-246
2174,-246
2175,-248
2176,-253
2177,-249
2178,-248
2179,-250
2180,-246
2181,-250
2182,-248
2183,-248
2184,-248
2185,-250
2186,-249
2187,-249
2188,-248
2189,-257
2190,-250
2191,-245
2192,-249
2193,-250
2194,-250
2195,-250
2196,-246
2197,-248
2198,-246
2199,-255
2200,-250
2201,-243
2202,-243
2203,-245
2204,-251
2205,-249
2206,-249
2207,-249
2208,-248
2209,-248
2210,-248
2211,-249
2212,-252
2213,-248
2214,-243
2215,-246
2216,-250
2217,-250
2218,-249
2219,-248
2220,-250
2221,-250
2222,-249
2223,-256
2224,-250
2225,-248
2226,-247
2227,-248
2228,-248
2229,-250
2230,-250
2231,-249
2232,-250
2233,-250
2234,-245
2235,-247
2236,-250
2237,-243
2238,-250
2239,-247
2240,-248
2241,-246
2242,-246
2243,-250
2244,-250
2245,-249
2246,-249
2247,-248
2248,-250
2249,-250
2250,-250
2251,-246
2252,-249
2253,-250
2254,-247
2255,-249
2256,-249
2257,-250
2258,-249
2259,-240
2260,-250
2261,-250
2262,-247
2263,-250
2264,-249
2265,-247
2266,-246
2267,-248
2268,-248
2269,-249
2270,-250
2271,-244
2272,-247
2273,-249
2274,-248
2275,-248
2276,-250
2277,-249
2278,-244
2279,-246
2280,-248
2281,-253
2282,-249
2283,-247
2284,-244
2285,-250
2286,-250
2287,-246
2288,-248
2289,-246
2290,-253
2291,-249
2292,-249
2293,-249
2294,-243
2295,-257
2296,-250
2297,-249
2298,-250
2299,-246
2300,-249
2301,-248
2302,-247
2303,-249
2304,-250
2305,-250
2306,-250
2307,-249
2308,-250
2309,-246
2310,-250
2311,-244
2312,-250
2313,-250
2314,-258
2315,-248
2316,-254
2317,-247
2318,-247
2319,-250
2320,-249
2321,-249
2322,-250
2323,-250
2324,-250
2325,-246
2326,-244
2327,-249
2328,-249
2329,-250
2330,-250
2331,-250
2332,-241
2333,-248
2334,-250
2335,-247
2336,-245
2337,-247
2338,-245
2339,-247
2340,-248
2341,-249
2342,-245
2343,-248
2344,-252
2345,-247
2346,-250
2347,-250
2348,-250
2349,-250
2350,-250
2351,-250
2352,-252
2353,-243
2354,-250
2355,-248
2356,-243
2357,-246
2358,-250
2359,-245
2360,-256
2361,-247
2362,-250
2363,-250
2364,-249
2365,-248
2366,-249
2367,-250
2368,-248
2369,-249
2370,-246
2371,-249
2372,-252
2373,-248
2374,-250
2375,-250
2376,-248
2377,-250
2378,-245
2379,-250
2380,-249
2381,-247
2382,-250
2383,-257
2384,-250
2385,-244
2386,-248
2387,-248
2388,-250
2389,-247
2390,-242
2391,-250
2392,-250
2393,-249
2394,-248
2395,-250
2396,-247
2397,-250
2398,-250
2399,-250
2400,-249
2401,-249
2402,-250
2403,-250
2404,-250
2405,-246
2406,-248
2407,-250
2408,-247
2409,-249
2410,-250
2411,-252
2412,-251
2413,-249
2414,-249
2415,-249
2416,-250
2417,-250
2418,-243
2419,-246
2420,-245
2421,-250
2422,-247
2423,-249
2424,-250
2425,-247
2426,-249
2427,-248
2428,-245
2429,-247
2430,-248
2431,-251
2432,-250
2433,-243
2434,-250
2435,-244
2436,-250
2437,-245
2438,-249
2439,-248
2440,-250
2441,-249
2442,-250
2443,-249
2444,-250
2445,-249
2446,-253
2447,-245
2448,-249
2449,-248
2450,-245
2451,-246
2452,-249
2453,-247
2454,-255
2455,-250
2456,-250
2457,-249
2458,-248
2459,-247
2460,-249
2461,-247
2462,-250
2463,-246
2464,-253
2465,-249
2466,-250
2467,-249
2468,-250
2469,-247
2470,-250
2471,-245
2472,-249
2473,-247
2474,-249
2475,-248
2476,-250
2477,-249
2478,-249
2479,-247
2480,-250
2481,-250
2482,-249
2483,-248
2484,-252
2485,-249
2486,-245
2487,-245
2488,-250
2489,-245
2490,-250
2491,-248
2492,-255
2493,-246
2494,-247
2495,-249
2496,-246
2497,-250
2498,-248
2499,-250
2500,-247
2501,-243
2502,-250
2503,-250
2504,-247
2505,-247
2506,-241
2507,-249
2508,-249
2509,-249
2510,-249
2511,-247
2512,-253
2513,-245
2514,-247
2515,-249
2516,-249
2517,-247
2518,-249
2519,-250
2520,-250
2521,-250
2522,-250
2523,-247
2524,-248
2525,-245
2526,-250
2527,-248
2528,-249
2529,-246
2530,-249
2531,-249
2532,-250
2533,-240
2534,-247
2535,-245
2536,-247
2537,-249
2538,-247
2539,-249
2540,-250
2541,-250
2542,-249
2543,-249
2544,-248
2545,-249
2546,-248
2547,-249
2548,-250
2549,-250
2550,-250
2551,-241
2552,-247
2553,-244
2554,-246
2555,-248
2556,-250
2557,-247
2558,-246
2559,-243
2560,-250
2561,-248
2562,-248
2563,-250
2564,-242
2565,-250
2566,-250
2567,-249
2568,-249
2569,-248
2570,-246
2571,-253
2572,-249
2573,-250
2574,-250
2575,-250
2576,-250
2577,-250
2578,-249
2579,-250
2580,-249
2581,-244
2582,-250
2583,-247
2584,-250
2585,-254
2586,-249
2587,-248
2588,-246
2589,-250
2590,-250
2591,-250
2592,-247
2593,-241
2594,-247
2595,-247
2596,-250
2597,-248
2598,-255
2599,-250
2600,-248
2601,-249
2602,-251
2603,-248
2604,-250
2605,-246
2606,-248
2607,-250
2608,-248
2609,-250
2610,-244
2611,-248
2612,-244
2613,-250
2614,-246
2615,-248
2616,-250
2617,-250
2618,-247
2619,-248
2620,-250
2621,-249
2622,-249
2623,-246
2624,-249
2625,-250
2626,-247
2627,-242
2628,-249
2629,-246
2630,-249
2631,-250
2632,-247
2633,-245
2634,-249
2635,-249
2636,-250
2637,-251
2638,-248
2639,-250
2640,-250
2641,-250
2642,-248
2643,-245
2644,-244
2645,-250
2646,-248
2647,-250
2648,-249
2649,-248
2650,-243
2651,-240
2652,-247
2653,-237
2654,-255
2655,-250
2656,-250
2657,-248
2658,-250
2659,-250
2660,-250
2661,-246
2662,-249
2663,-255
2664,-247
2665,-249
2666,-244
2667,-246
2668,-249
2669,-248
2670,-249
2671,-248
2672,-251
2673,-241
2674,-250
2675,-245
2676,-248
2677,-249
2678,-247
2679,-249
2680,-244
2681,-250
2682,-256
2683,-245
2684,-250
2685,-250
2686,-249
2687,-247
2688,-250
2689,-254
2690,-249
2691,-249
2692,-240
2693,-250
2694,-242
2695,-247
2696,-245
2697,-250
2698,-250
2699,-249
2700,-248
2701,-250
2702,-250
2703,-250
2704,-243
2705,-243
2706,-254
2707,-248
2708,-247
2709,-250
2710,-249
2711,-250
2712,-250
2713,-250
2714,-245
2715,-248
2716,-249
2717,-247
2718,-247
2719,-250
2720,-250
2721,-249
2722,-248
2723,-250
2724,-247
2725,-247
2726,-250
2727,-250
2728,-250
2729,-250
2730,-250
2731,-254
2732,-246
2733,-249
2734,-256
2735,-243
2736,-246
2737,-244
2738,-247
2739,-250
2740,-248
2741,-250
2742,-247
2743,-250
2744,-249
2745,-250
2746,-249
2747,-250
2748,-250
2749,-248
2750,-257
2751,-247
2752,-244
2753,-250
2754,-238
2755,-248
2756,-241
2757,-249
2758,-249
2759,-253
2760,-250
2761,-250
2762,-250
2763,-246
2764,-250
2765,-248
2766,-245
2767,-250
2768,-247
2769,-248
2770,-250
2771,-251
2772,-250
2773,-250
2774,-250
2775,-252
2776,-248
2777,-248
2778,-254
2779,-246
2780,-250
2781,-248
2782,-250
2783,-250
2784,-249
2785,-250
2786,-250
2787,-248
2788,-250
2789,-250
2790,-240
2791,-248
2792,-250
2793,-248
2794,-249
2795,-248
2796,-247
2797,-250
2798,-249
2799,-249
2800,-250
2801,-250
2802,-248
2803,-250
2804,-249
2805,-250
2806,-250
2807,-247
2808,-250
2809,-245
2810,-250
2811,-250
2812,-250
2813,-250
2814,-254
2815,-250
2816,-250
2817,-242
2818,-245
2819,-250
2820,-250
2821,-248
2822,-249
2823,-248
2824,-249
2825,-249
2826,-248
2827,-248
2828,-250
2829,-253
2830,-245
2831,-247
2832,-250
2833,-247
2834,-247
2835,-250
2836,-247
2837,-247
2838,-250
2839,-249
2840,-250
2841,-246
2842,-250
2843,-250
2844,-254
2845,-248
2846,-250
2847,-250
2848,-250
2849,-247
2850,-252
2851,-250
2852,-248
2853,-248
2854,-245
2855,-246
2856,-250
2857,-250
2858,-249
2859,-244
2860,-250
2861,-245
2862,-246
2863,-246
2864,-249
2865,-250
2866,-250
2867,-248
2868,-249
2869,-250
2870,-249
2871,-250
2872,-248
2873,-246
2874,-250
2875,-246
2876,-250
2877,-250
2878,-254
2879,-251
2880,-249
2881,-247
2882,-249
2883,-251
2884,-246
2885,-250
2886,-246
2887,-250
2888,-244
2889,-250
2890,-250
2891,-251
2892,-250
2893,-249
2894,-250
2895,-250
2896,-249
2897,-249
2898,-250
2899,-246
2900,-248
2901,-249
2902,-246
2903,-249
2904,-249
2905,-250
2906,-247
2907,-248
2908,-246
2909,-249
2910,-251
2911,-250
2912,-245
2913,-257
2914,-245
2915,-249
2916,-255
2917,-250
2918,-250
2919,-252
2920,-249
2921,-250
2922,-250
2923,-244
2924,-249
2925,-252
2926,-250
2927,-250
2928,-247
2929,-250
2930,-250
2931,-249
2932,-249
2933,-250
2934,-255
2935,-250
2936,-249
2937,-249
2938,-247
2939,-250
2940,-250
2941,-247
2942,-249
2943,-252
2944,-250
2945,-250
2946,-249
2947,-249
2948,-250
2949,-248
2950,-248
2951,-250
2952,-250
2953,-250
2954,-245
2955,-249
2956,-247
2957,-246
2958,-249
2959,-250
2960,-247
2961,-250
2962,-250
2963,-247
2964,-254
2965,-250
2966,-250
2967,-246
2968,-247
2969,-246
2970,-250
2971,-250
2972,-259
2973,-250
2974,-252
2975,-247
2976,-258
2977,-248
2978,-249
2979,-246
2980,-249
2981,-249
2982,-244
2983,-250
2984,-246
2985,-245
2986,-252
2987,-250
2988,-250
2989,-250
2990,-249
2991,-248
2992,-250
2993,-250
2994,-250
2995,-249
2996,-245
2997,-247
2998,-249
2999,-250
3000,-248
3001,-250
3002,-248
3003,-243
3004,-250
3005,-250
3006,-250
3007,-249
3008,-250
3009,-247
3010,-256
3011,-249
3012,-244
3013,-250
3014,-246
3015,-249
3016,-239
3017,-248
3018,-249
3019,-242
3020,-248
3021,-247
3022,-249
3023,-247
3024,-246
3025,-249
3026,-248
3027,-250
3028,-245
3029,-249
3030,-248
3031,-248
3032,-249
3033,-252
3034,-250
3035,-250
3036,-256
3037,-250
3038,-250
3039,-250
3040,-250
3041,-250
3042,-247
3043,-250
3044,-257
3045,-247
3046,-249
3047,-249
3048,-249
3049,-250
3050,-248
3051,-259
3052,-250
3053,-250
3054,-245
3055,-250
3056,-250
3057,-249
3058,-248
3059,-252
3060,-256
3061,-250
3062,-249
3063,-250
3064,-248
3065,-246
3066,-249
3067,-242
3068,-248
3069,-250
3070,-250
3071,-250
3072,-249
3073,-249
3074,-248
3075,-257
3076,-250
3077,-250
3078,-250
3079,-247
3080,-246
3081,-245
3082,-242
3083,-250
3084,-247
3085,-246
3086,-248
3087,-250
3088,-248
3089,-245
3090,-250
3091,-246
3092,-248
3093,-250
3094,-250
3095,-248
3096,-248
3097,-250
3098,-249
3099,-247
3100,-245
3101,-252
3102,-245
3103,-248
3104,-246
3105,-250
3106,-249
3107,-249
3108,-250
3109,-245
3110,-249
3111,-249
3112,-250
3113,-250
3114,-249
3115,-254
3116,-250
3117,-247
3118,-249
3119,-250
3120,-249
3121,-250
3122,-250
3123,-250
3124,-249
3125,-250
3126,-250
3127,-249
3128,-253
3129,-249
3130,-250
3131,-250
3132,-242
3133,-254
3134,-250
3135,-245
3136,-257
3137,-249
3138,-244
3139,-248
3140,-248
3141,-250
3142,-250
3143,-248
3144,-250
3145,-250
3146,-250
3147,-250
3148,-249
3149,-250
3150,-249
3151,-249
3152,-250
3153,-249
3154,-248
3155,-249
3156,-249
3157,-246
3158,-250
3159,-248
3160,-250
3161,-248
3162,-250
3163,-250
3164,-249
3165,-250
3166,-251
3167,-250
3168,-245
3169,-248
3170,-245
3171,-250
3172,-247
3173,-246
3174,-248
3175,-255
3176,-250
3177,-249
3178,-247
3179,-250
3180,-247
3181,-248
3182,-250
3183,-247
3184,-249
3185,-247
3186,-248
3187,-246
3188,-247
3189,-249
3190,-248
3191,-249
3192,-249
3193,-250
3194,-249
3195,-249
3196,-247
3197,-250
3198,-247
3199,-250
3200,-250
3201,-249
3202,-250
3203,-250
3204,-248
3205,-250
3206,-250
3207,-249
3208,-249
3209,-250
3210,-249
3211,-249
3212,-250
3213,-247
3214,-250
3215,-250
3216,-246
3217,-250
3218,-250
3219,-248
3220,-250
3221,-249
3222,-250
3223,-249
3224,-250
3225,-250
3226,-244
3227,-250
3228,-248
3229,-250
3230,-249
3231,-249
3232,-249
3233,-143
3234,-250
3235,-250
3236,-246
3237,-247
3238,-248
3239,-250
3240,-250
3241,-246
3242,-249
3243,-256
3244,-249
3245,-245
3246,-250
3247,-250
3248,-243
3249,-250
3250,-249
3251,-250
3252,-250
3253,-252
3254,-249
3255,-250
3256,-256
3257,-248
3258,-249
3259,-250
3260,-250
3261,-242
3262,-250
3263,-249
3264,-249
3265,-250
3266,-250
3267,-250
3268,-249
3269,-250
3270,-245
3271,-250
3272,-249
3273,-250
3274,-250
3275,-250
3276,-250
3277,-249
3278,-250
3279,-247
3280,-248
3281,-248
3282,-246
3283,-249
3284,-250
3285,-249
3286,-250
3287,-250
3288,-250
3289,-249
3290,-250
3291,-249
3292,-253
3293,-249
3294,-248
3295,-250
3296,-248
3297,-253
3298,-248
3299,-253
3300,-249
3301,-249
3302,-250
3303,-249
3304,-255
3305,-246
3306,-249
3307,-250
3308,-250
3309,-253
3310,-250
3311,-250
3312,-249
3313,-250
3314,-248
3315,-241
3316,-250
3317,-249
3318,-248
3319,-250
3320,-250
3321,-248
3322,-254
3323,-250
3324,-250
3325,-247
3326,-248
3327,-250
3328,-246
3329,-249
3330,-242
3331,-249
3332,-250
3333,-250
3334,-250
3335,-250
3336,-250
3337,-250
3338,-248
3339,-259
3340,-250
3341,-249
3342,-250
3343,-250
3344,-248
3345,-250
3346,-249
3347,-250
3348,-249
3349,-250
3350,-250
3351,-249
3352,-247
3353,-249
3354,-255
3355,-250
3356,-250
3357,-247
3358,-250
3359,-250
3360,-249
3361,-254
3362,-248
3363,-250
3364,-248
3365,-249
3366,-250
3367,-249
3368,-250
3369,-249
3370,-248
3371,-250
3372,-249
3373,-249
3374,-250
3375,-250
3376,-250
3377,-250
3378,-250
3379,-250
3380,-250
3381,-249
3382,-250
3383,-246
3384,-250
3385,-245
3386,-244
3387,-250
3388,-249
3389,-249
3390,-250
3391,-250
3392,-250
3393,-250
3394,-249
3395,-250
3396,-246
3397,-250
3398,-250
3399,-249
3400,-250
3401,-250
3402,-250
3403,-248
3404,-244
3405,-250
3406,-250
3407,-250
3408,-248
3409,-249
3410,-250
3411,-249
3412,-248
3413,-247
3414,-248
3415,-250
3416,-250
3417,-256
3418,-250
3419,-250
3420,-250
3421,-248
3422,-259
3423,-250
3424,-250
3425,-249
3426,-250
3427,-250
3428,-249
3429,-250
3430,-250
3431,-250
3432,-245
3433,-249
3434,-250
3435,-250
3436,-248
3437,-250
3438,-250
3439,-252
3440,-246
3441,-250
3442,-246
3443,-249
3444,-250
3445,-249
3446,-250
3447,-248
3448,-248
3449,-250
3450,-247
3451,-250
3452,-250
3453,-250
3454,-250
3455,-249
3456,-250
3457,-250
3458,-252
3459,-249
3460,-249
3461,-253
3462,-258
3463,-250
3464,-253
3465,-250
3466,-249
3467,-246
3468,-250
3469,-250
3470,-250
3471,-247
3472,-250
3473,-242
3474,-250
3475,-249
3476,-250
3477,-254
3478,-250
3479,-244
3480,-250
3481,-248
3482,-248
3483,-250
3484,-250
3485,-248
3486,-250
3487,-250
3488,-249
3489,-247
3490,-249
3491,-250
3492,-250
3493,-248
3494,-247
3495,-259
3496,-247
3497,-248
3498,-246
3499,-249
3500,-248
3501,-249
3502,-250
3503,-250
3504,-248
3505,-250
3506,-250
3507,-250
3508,-246
3509,-250
3510,-240
3511,-250
3512,-250
3513,-250
3514,-250
3515,-250
3516,-250
3517,-249
3518,-250
3519,-250
3520,-250
3521,-253
3522,-252
3523,-242
3524,-250
3525,-250
3526,-248
3527,-249
3528,-246
3529,-250
3530,-250
3531,-250
3532,-250
3533,-248
3534,-249
3535,-250
3536,-249
3537,-249
3538,-248
3539,-247
3540,-250
3541,-249
3542,-248
3543,-250
3544,-248
3545,-250
3546,-250
3547,-249
3548,-250
3549,-250
3550,-250
3551,-250
3552,-250
3553,-248
3554,-247
3555,-251
3556,-250
3557,-250
3558,-247
3559,-250
3560,-249
3561,-249
3562,-250
3563,-250
3564,-250
3565,-249
3566,-246
3567,-247
3568,-249
3569,-248
3570,-250
3571,-250
3572,-249
3573,-249
3574,-258
3575,-252
3576,-248
3577,-250
3578,-249
3579,-246
3580,-250
3581,-247
3582,-250
3583,-248
3584,-249
3585,-251
3586,-250
3587,-250
3588,-250
3589,-245
3590,-250
3591,-249
3592,-246
3593,-249
3594,-248
3595,-249
3596,-249
3597,-248
3598,-246
3599,-253
3600,-249
3601,-250
3602,-249
3603,-250
3604,-250
3605,-248
3606,-250
3607,-250
3608,-249
3609,-250
3610,-245
3611,-247
3612,-246
3613,-247
3614,-250
3615,-248
3616,-248
3617,-249
3618,-249
3619,-243
3620,-248
3621,-250
3622,-250
3623,-249
3624,-244
3625,-250
3626,-250
3627,-246
3628,-256
3629,-248
3630,-248
3631,-247
3632,-250
3633,-250
3634,-248
3635,-246
3636,-248
3637,-249
3638,-244
3639,-249
3640,-250
3641,-243
3642,-250
3643,-248
3644,-250
3645,-246
3646,-244
3647,-249
3648,-250
3649,-248
3650,-250
3651,-250
3652,-249
3653,-250
3654,-250
3655,-245
3656,-250
3657,-250
3658,-250
3659,-248
3660,-250
3661,-249
3662,-250
3663,-250
3664,-250
3665,-249
3666,-250
3667,-250
3668,-250
3669,-247
3670,-249
3671,-247
3672,-245
3673,-250
3674,-249
3675,-253
3676,-251
3677,-250
3678,-250
3679,-257
3680,-248
3681,-250
3682,-249
3683,-249
3684,-249
3685,-249
3686,-249
3687,-250
3688,-245
3689,-250
3690,-250
3691,-249
3692,-248
3693,-249
3694,-250
3695,-250
3696,-250
3697,-250
3698,-250
3699,-244
3700,-250
3701,-250
3702,-246
3703,-249
3704,-248
3705,-249
3706,-250
3707,-248
3708,-244
3709,-250
3710,-250
3711,-250
3712,-247
3713,-249
3714,-246
3715,-249
3716,-250
3717,-249
3718,-249
3719,-250
3720,-250
3721,-248
3722,-250
3723,-249
3724,-249
3725,-249
3726,-246
3727,-246
3728,-250
3729,-248
3730,-250
3731,-250
3732,-250
3733,-250
3734,-244
3735,-249
3736,-250
3737,-250
3738,-250
3739,-249
3740,-250
3741,-249
3742,-248
3743,-254
3744,-250
3745,-259
3746,-250
3747,-250
3748,-249
3749,-250
3750,-249
3751,-254
3752,-249
3753,-249
3754,-252
3755,-250
3756,-250
3757,-245
3758,-250
3759,-250
3760,-248
3761,-249
3762,-250
3763,-250
3764,-247
3765,-250
3766,-249
3767,-249
3768,-249
3769,-249
3770,-249
3771,-249
3772,-250
3773,-250
3774,-250
3775,-251
3776,-248
3777,-249
3778,-248
3779,-246
3780,-250
3781,-245
3782,-250
3783,-250
3784,-247
3785,-247
3786,-244
3787,-250
3788,-249
3789,-250
3790,-245
3791,-250
3792,-247
3793,-245
3794,-250
3795,-250
3796,-250
3797,-248
3798,-249
3799,-249
3800,-250
3801,-249
3802,-250
3803,-249
3804,-249
3805,-250
3806,-249
3807,-250
3808,-249
3809,-250
3810,-248
3811,-250
3812,-248
3813,-249
3814,-249
3815,-249
3816,-250
3817,-249
3818,-250
3819,-249
3820,-254
3821,-250
3822,-249
3823,-248
3824,-249
3825,-250
3826,-250
3827,-250
3828,-250
3829,-250
3830,-250
3831,-244
3832,-250
3833,-250
3834,-250
3835,-245
3836,-249
3837,-248
3838,-248
3839,-249
3840,-247
3841,-250
3842,-248
3843,-250
3844,-250
3845,-244
3846,-249
3847,-250
3848,-246
3849,-247
3850,-250
3851,-250
3852,-250
3853,-247
3854,-246
3855,-249
3856,-250
3857,-250
3858,-245
3859,-249
3860,-250
3861,-249
3862,-250
3863,-247
3864,-248
3865,-250
3866,-249
3867,-250
3868,-117
3869,-249
3870,-248
3871,-249
3872,-250
3873,-246
3874,-250
3875,-250
3876,-249
3877,-249
3878,-249
3879,-250
3880,-250
3881,-249
3882,-245
3883,-249
3884,-246
3885,-248
3886,-250
3887,-249
3888,-248
3889,-250
3890,-247
3891,-249
3892,-249
3893,-249
3894,-249
3895,-250
3896,-248
3897,-244
3898,-250
3899,-246
3900,-250
3901,-250
3902,-248
3903,-253
3904,-248
3905,-250
3906,-248
3907,-247
3908,-249
3909,-245
3910,-241
3911,-250
3912,-248
3913,-250
3914,-250
3915,-250
3916,-248
3917,-248
3918,-249
3919,-247
3920,-249
3921,-249
3922,-250
3923,-250
3924,-250
3925,-250
3926,-245
3927,-247
3928,-245
3929,-248
3930,-249
3931,-249
3932,-249
3933,-248
3934,-250
3935,-246
3936,-249
3937,-248
3938,-250
3939,-250
3940,-250
3941,-248
3942,-250
3943,-256
3944,-249
3945,-250
3946,-250
3947,-249
3948,-248
3949,-249
3950,-245
3951,-249
3952,-247
3953,-249
3954,-250
3955,-250
3956,-249
3957,-247
3958,-249
3959,-249
3960,-250
3961,-250
3962,-250
3963,-250
3964,-250
3965,-250
3966,-245
3967,-253
3968,-250
3969,-250
3970,-250
3971,-250
3972,-249
3973,-249
3974,-250
3975,-256
3976,-248
3977,-250
3978,-243
3979,-250
3980,-250
3981,-249
3982,-249
3983,-250
3984,-245
3985,-250
3986,-256
3987,-248
3988,-248
3989,-249
3990,-249
3991,-251
3992,-247
3993,-250
3994,-250
3995,-250
3996,-249
3997,-250
3998,-247
3999,-253
4000,-249
4001,-249
4002,-250
4003,-250
4004,-249
4005,-250
4006,-250
4007,-250
4008,-249
4009,-250
4010,-250
4011,-248
4012,-250
4013,-250
4014,-249
4015,-250
4016,-247
4017,-245
4018,-248
4019,-249
4020,-249
4021,-249
4022,-257
4023,-248
4024,-255
4025,-249
4026,-250
4027,-250
4028,-249
4029,-248
4030,-249
4031,-249
4032,-248
4033,-250
4034,-255
4035,-250
4036,-249
4037,-249
4038,-250
4039,-250
4040,-249
4041,-255
4042,-250
4043,-250
4044,-253
4045,-245
4046,-247
4047,-244
4048,-248
4049,-247
4050,-249
4051,-249
4052,-250
4053,-249
4054,-250
4055,-249
4056,-254
4057,-249
4058,-245
4059,-250
4060,-247
4061,-246
4062,-250
4063,-250
4064,-249
4065,-246
4066,-246
4067,-250
4068,-250
4069,-250
4070,-248
4071,-250
4072,-249
4073,-250
4074,-250
4075,-250
4076,-245
4077,-250
4078,-247
4079,-249
4080,-249
4081,-249
4082,-250
4083,-250
4084,-249
4085,-249
4086,-250
4087,-245
4088,-243
4089,-247
4090,-247
4091,-248
4092,-250
4093,-250
4094,-249
4095,-249
4096,-249
4097,-250
4098,-249
4099,-250
4100,-244
4101,-250
4102,-250
4103,-246
4104,-250
4105,-250
4106,-250
4107,-250
4108,-248
4109,-248
4110,-249
4111,-252
4112,-246
4113,-249
4114,-248
4115,-249
4116,-244
4117,-248
4118,-247
4119,-249
4120,-247
4121,-249
4122,-250
4123,-249
4124,-250
4125,-249
4126,-250
4127,-250
4128,-249
4129,-250
4130,-249
4131,-250
4132,-246
4133,-250
4134,-249
4135,-259
4136,-250
4137,-249
4138,-250
4139,-250
4140,-248
4141,-250
4142,-249
4143,-247
4144,-249
4145,-250
4146,-250
4147,-249
4148,-250
4149,-247
4150,-250
4151,-250
4152,-248
4153,-246
4154,-250
4155,-250
4156,-248
4157,-249
4158,-250
4159,-248
4160,-249
4161,-248
4162,-248
4163,-250
4164,-247
4165,-249
4166,-250
4167,-250
4168,-247
4169,-250
4170,-249
4171,-249
4172,-249
4173,-250
4174,-247
4175,-249
4176,-248
4177,-250
4178,-250
4179,-248
4180,-246
4181,-246
4182,-249
4183,-252
4184,-248
4185,-249
4186,-248
4187,-249
4188,-250
4189,-248
4190,-250
4191,-248
4192,-249
4193,-249
4194,-250
4195,-246
4196,-249
4197,-250
4198,-250
4199,-248
4200,-250
4201,-250
4202,-245
4203,-250
4204,-247
4205,-249
4206,-244
4207,-248
4208,-250
4209,-249
4210,-246
4211,-245
4212,-248
4213,-249
4214,-250
4215,-250
4216,-256
4217,-250
4218,-250
4219,-249
4220,-248
4221,-243
4222,-250
4223,-249
4224,-250
4225,-250
4226,-249
4227,-250
4228,-250
4229,-250
4230,-250
4231,-249
4232,-250
4233,-250
4234,-248
4235,-243
4236,-58
4237,-246
4238,-248
4239,-249
4240,-250
4241,-247
4242,-253
4243,-250
4244,-248
4245,-249
4246,-248
4247,-254
4248,-248
4249,-250
4250,-249
4251,-248
4252,-251
4253,-251
4254,-250
4255,-250
4256,-249
4257,-248
4258,-246
4259,-245
4260,-250
4261,-249
4262,-250
4263,-249
4264,-248
4265,-250
4266,-245
4267,-249
4268,-249
4269,-250
4270,-250
4271,-249
4272,-249
4273,-250
4274,-57
4275,-250
4276,-249
4277,-247
4278,-253
4279,-248
4280,-247
4281,-249
4282,-250
4283,-250
4284,-246
4285,-246
4286,-256
4287,-249
4288,-250
4289,-249
4290,-249
4291,-249
4292,-248
4293,-249
4294,-250
4295,-250
4296,-250
4297,-242
4298,-250
4299,-250
4300,-250
4301,-248
4302,-249
4303,-245
4304,-249
4305,-247
4306,-249
4307,-250
4308,-246
4309,-250
4310,-250
4311,-248
4312,-243
4313,-245
4314,-249
4315,-250
4316,-248
4317,-249
4318,-244
4319,-246
4320,-250
4321,-248
4322,-243
4323,-245
4324,-249
4325,-250
4326,-248
4327,-245
4328,-246
4329,-250
4330,-250
4331,-248
4332,-243
4333,-253
4334,-249
4335,-249
4336,-245
4337,-250
4338,-250
4339,-250
4340,-248
4341,-249
4342,-249
4343,-250
4344,-247
4345,-250
4346,-250
4347,-246
4348,-246
4349,-250
4350,-250
4351,-249
4352,-244
4353,-248
4354,-244
4355,-249
4356,-250
4357,-246
4358,-250
4359,-250
4360,-250
4361,-250
4362,-247
4363,-250
4364,-248
4365,-249
4366,-250
4367,-250
4368,-248
4369,-250
4370,-253
4371,-250
4372,-250
4373,-245
4374,-249
4375,-250
4376,-245
4377,-249
4378,-250
4379,-250
4380,-248
4381,-249
4382,-245
4383,-250
4384,-253
4385,-250
4386,-249
4387,-250
4388,-248
4389,-247
4390,-250
4391,-245
4392,-250
4393,-254
4394,-250
4395,-249
4396,-246
4397,-250
4398,-243
4399,-250
4400,-249
4401,-248
4402,-249
4403,-250
4404,-250
4405,-249
4406,-248
4407,-250
4408,-249
4409,-250
4410,-250
4411,-250
4412,-246
4413,-246
4414,-249
4415,-250
4416,-250
4417,-246
4418,-250
4419,-248
4420,-250
4421,-247
4422,-250
4423,-249
4424,-247
4425,-249
4426,-248
4427,-249
4428,-250
4429,-250
4430,-250
4431,-251
4432,-249
4433,-249
4434,-245
4435,-250
4436,-245
4437,-249
4438,-250
4439,-250
4440,-249
4441,-250
4442,-247
4443,-248
4444,-248
4445,-250
4446,-250
4447,-246
4448,-247
4449,-250
4450,-250
4451,-249
4452,-252
4453,-250
4454,-249
4455,-250
4456,-250
4457,-249
4458,-250
4459,-250
4460,-250
4461,-249
4462,-250
4463,-247
4464,-249
4465,-250
4466,-250
4467,-249
4468,-254
4469,-247
4470,-249
4471,-249
4472,-248
4473,-243
4474,-246
4475,-248
4476,-250
4477,-251
4478,-250
4479,-249
4480,-250
4481,-249
4482,-250
4483,-250
4484,-246
4485,-246
4486,-250
4487,-116
4488,-250
4489,-250
4490,-249
4491,-244
4492,-250
4493,-245
4494,-248
4495,-249
4496,-249
4497,-250
4498,-250
4499,-250
4500,-248
4501,-250
4502,-250
4503,-250
4504,-248
4505,-248
4506,-249
4507,-247
4508,-250
4509,-250
4510,-249
4511,-250
4512,-249
4513,-247
4514,-250
4515,-250
4516,-250
4517,-248
4518,-248
4519,-250
4520,-247
4521,-250
4522,-255
4523,-249
4524,-249
4525,-250
4526,-247
4527,-248
4528,-249
4529,-249
4530,-245
4531,-253
4532,-250
4533,-251
4534,-247
4535,-250
4536,-248
4537,-247
4538,-249
4539,-250
4540,-250
4541,-256
4542,-246
4543,-250
4544,-250
4545,-248
4546,-250
4547,-247
4548,-247
4549,-250
4550,-250
4551,-245
4552,-250
4553,-250
4554,-250
4555,-250
4556,-249
4557,-244
4558,-248
4559,-249
4560,-250
4561,-253
4562,-250
4563,-250
4564,-250
4565,-248
4566,-250
4567,-249
4568,-249
4569,-250
4570,-250
4571,-245
4572,-246
4573,-244
4574,-245
4575,-249
4576,-248
4577,-249
4578,-250
4579,-249
4580,-249
4581,-250
4582,-250
4583,-249
4584,-249
4585,-244
4586,-250
4587,-250
4588,-250
4589,-248
4590,-250
4591,-248
4592,-250
4593,-248
4594,-250
4595,-246
4596,-249
4597,-248
4598,-244
4599,-250
4600,-247
4601,-250
4602,-250
4603,-254
4604,-247
4605,-250
4606,-244
4607,-246
4608,-250
4609,-249
4610,-250
4611,-250
4612,-249
4613,-246
4614,-250
4615,-250
4616,-250
4617,-250
4618,-250
4619,-250
4620,-250
4621,-250
4622,-250
4623,-257
4624,-250
4625,-247
4626,-250
4627,-246
4628,-250
4629,-250
4630,-247
4631,-250
4632,-250
4633,-250
4634,-249
4635,-250
4636,-249
4637,-250
4638,-249
4639,-247
4640,-251
4641,-246
4642,-247
4643,-249
4644,-250
4645,-245
4646,-250
4647,-248
4648,-248
4649,-250
4650,-250
4651,-250
4652,-254
4653,-248
4654,-249
4655,-250
4656,-250
4657,-243
4658,-249
4659,-250
4660,-249
4661,-250
4662,-249
4663,-247
4664,-247
4665,-250
4666,-250
4667,-250
4668,-248
4669,-250
4670,-250
4671,-250
4672,-257
4673,-248
4674,-250
4675,-258
4676,-250
4677,-243
4678,-244
4679,-250
4680,-250
4681,-243
4682,-250
4683,-250
4684,-250
4685,-250
4686,-250
4687,-248
4688,-249
4689,-252
4690,-246
4691,-249
4692,-249
4693,-250
4694,-250
4695,-250
4696,-250
4697,-247
4698,-250
4699,-250
4700,-249
4701,-250
4702,-249
4703,-250
4704,-250
4705,-249
4706,-249
4707,-250
4708,-250
4709,-250
4710,-247
4711,-250
4712,-58
4713,-250
4714,-247
4715,-258
4716,-250
4717,-249
4718,-249
4719,-245
4720,-245
4721,-249
4722,-243
4723,-246
4724,-253
4725,-250
4726,-244
4727,-249
4728,-242
4729,-248
4730,-250
4731,-249
4732,-241
4733,-250
4734,-250
4735,-250
4736,-250
4737,-249
4738,-249
4739,-252
4740,-256
4741,-245
4742,-248
4743,-250
4744,-249
4745,-250
4746,-250
4747,-247
4748,-250
4749,-248
4750,-250
4751,-256
4752,-244
4753,-250
4754,-250
4755,-249
4756,-250
4757,-247
4758,-252
4759,-247
4760,-250
4761,-247
4762,-250
4763,-248
4764,-249
4765,-250
4766,-250
4767,-250
4768,-250
4769,-248
4770,-250
4771,-249
4772,-249
4773,-249
4774,-245
4775,-250
4776,-248
4777,-249
4778,-249
4779,-250
4780,-250
4781,-250
4782,-246
4783,-250
4784,-250
4785,-250
4786,-248
4787,-248
4788,-249
4789,-247
4790,-250
4791,-250
4792,-250
4793,-250
4794,-244
4795,-250
4796,-246
4797,-247
4798,-244
4799,-249
4800,-243
4801,-250
4802,-249
4803,-250
4804,-250
4805,-249
4806,-250
4807,-250
4808,-246
4809,-247
4810,-245
4811,-249
4812,-250
4813,-250
4814,-249
4815,-250
4816,-250
4817,-247
4818,-249
4819,-250
4820,-247
4821,-246
4822,-249
4823,-249
4824,-249
4825,-250
4826,-248
4827,-250
4828,-250
4829,-250
4830,-250
4831,-250
4832,-248
4833,-250
4834,-246
4835,-249
4836,-247
4837,-249
4838,-248
4839,-250
4840,-250
4841,-247
4842,-250
4843,-250
4844,-250
4845,-249
4846,-245
4847,-248
4848,-244
4849,-250
4850,-248
4851,-248
4852,-248
4853,-250
4854,-250
4855,-249
4856,-245
4857,-245
4858,-248
4859,-250
4860,-249
4861,-249
4862,-250
4863,-249
4864,-248
4865,-250
4866,-250
4867,-250
4868,-250
4869,-250
4870,-249
4871,-250
4872,-247
4873,-255
4874,-249
4875,-250
4876,-247
4877,-249
4878,-250
4879,-249
4880,-250
4881,-250
4882,-249
4883,-250
4884,-250
4885,-250
4886,-257
4887,-246
4888,-249
4889,-247
4890,-250
4891,-250
4892,-249
4893,-246
4894,-250
4895,-246
4896,-250
4897,-257
4898,-250
4899,-248
4900,-249
4901,-250
4902,-245
4903,-250
4904,-250
4905,-250
4906,-247
4907,-250
4908,-250
4909,-244
4910,-250
4911,-249
4912,-249
4913,-243
4914,-250
4915,-109
4916,-242
4917,-250
4918,-248
4919,-249
4920,-250
4921,-249
4922,-250
4923,-250
4924,-250
4925,-250
4926,-248
4927,-248
4928,-244
4929,-247
4930,-247
4931,-250
4932,-247
4933,-249
4934,-250
4935,-249
4936,-250
4937,-250
4938,-247
4939,-248
4940,-250
4941,-247
4942,-249
4943,-248
4944,-244
4945,-249
4946,-250
4947,-249
4948,-250
4949,-249
4950,-245
4951,-250
4952,-250
4953,-250
4954,-248
4955,-250
4956,-247
4957,-250
4958,-250
4959,-250
4960,-250
4961,-250
4962,-250
4963,-249
4964,-245
4965,-250
4966,-250
4967,-250
4968,-253
4969,-258
4970,-250
4971,-248
4972,-250
4973,-250
4974,-249
4975,-250
4976,-248
4977,-245
4978,-250
4979,-246
4980,-249
4981,-246
4982,-249
4983,-250
4984,-249
4985,-252
4986,-249
4987,-248
4988,-248
4989,-249
4990,-250
4991,-250
4992,-249
4993,-250
4994,-250
4995,-249
4996,-250
4997,-247
4998,-250
4999,-250
5000,-247
5001,-247
5002,-248
5003,-250
5004,-255
5005,-250
5006,-248
5007,-250
5008,-249
5009,-248
5010,-250
5011,-250
5012,-250
5013,-250
5014,-248
5015,-251
5016,-250
5017,-250
5018,-248
5019,-250
5020,-246
5021,-250
5022,-249
5023,-250
5024,-250
5025,-248
5026,-250
5027,-81
5028,-249
5029,-249
5030,-246
5031,-246
5032,-250
5033,-250
5034,-250
5035,-248
5036,-249
5037,-250
5038,-245
5039,-249
5040,-250
5041,-248
5042,-249
5043,-250
5044,-247
5045,-250
5046,-249
5047,-250
5048,-248
5049,-250
5050,-249
5051,-250
5052,-250
5053,-247
5054,-247
5055,-247
5056,-250
5057,-249
5058,-247
5059,-249
5060,-249
5061,-247
5062,-249
5063,-245
5064,-250
5065,-250
5066,-250
5067,-249
5068,-245
5069,-250
5070,-248
5071,-246
5072,-250
5073,-250
5074,-250
5075,-257
5076,-246
5077,-250
5078,-250
5079,-243
5080,-250
5081,-250
5082,-250
5083,-255
5084,-254
5085,-250
5086,-249
5087,-249
5088,-250
5089,-250
5090,-251
5091,-250
5092,-249
5093,-249
5094,-249
5095,-249
5096,-252
5097,-250
5098,-256
5099,-253
5100,-250
5101,-250
5102,-249
5103,-247
5104,-249
5105,-243
5106,-247
5107,-249
5108,-250
5109,-250
5110,-250
5111,-247
5112,-250
5113,-249
5114,-249
5115,-251
5116,-254
5117,-250
5118,-250
5119,-250
5120,-249
5121,-250
5122,-249
5123,-249
5124,-249
5125,-249
5126,-250
5127,-250
5128,-247
5129,-249
5130,-250
5131,-250
5132,-249
5133,-248
5134,-254
5135,-249
5136,-247
5137,-250
5138,-249
5139,-247
5140,-250
5141,-244
5142,-245
5143,-250
5144,-250
5145,-249
5146,-250
5147,-249
5148,-250
5149,-247
5150,-249
5151,-249
5152,-250
5153,-250
5154,-250
5155,-250
5156,-250
5157,-249
5158,-250
5159,-249
5160,-250
5161,-250
5162,-250
5163,-250
5164,-249
5165,-248
5166,-250
5167,-250
5168,-249
5169,-245
5170,-249
5171,-248
5172,-250
5173,-249
5174,-249
5175,-248
5176,-248
5177,-247
5178,-250
5179,-246
5180,-250
5181,-249
5182,-250
5183,-250
5184,-250
5185,-250
5186,-250
5187,-250
5188,-250
5189,-250
5190,-249
5191,-250
5192,-245
5193,-249
5194,-250
5195,-249
5196,-250
5197,-248
5198,-250
5199,-247
5200,-249
5201,-250
5202,-250
5203,-250
5204,-245
5205,-249
5206,-248
5207,-250
5208,-250
5209,-245
5210,-250
5211,-250
5212,-250
5213,-249
5214,-250
5215,-246
5216,-248
5217,-247
5218,-251
5219,-250
5220,-250
5221,-250
5222,-250
5223,-249
5224,-249
5225,-250
5226,-250
5227,-250
5228,-250
5229,-250
5230,-245
5231,-249
5232,-247
5233,-250
5234,-250
5235,-248
5236,-248
5237,-245
5238,-250
5239,-248
5240,-248
5241,-250
5242,-250
5243,-248
5244,-249
5245,-249
5246,-245
5247,-249
5248,-250
5249,-249
5250,-246
5251,-248
5252,-250
5253,-249
5254,-250
5255,-247
5256,-250
5257,-250
5258,-250
5259,-247
5260,-250
5261,-249
5262,-250
5263,-249
5264,-246
5265,-250
5266,-249
5267,-250
5268,-249
5269,-247
5270,-250
5271,-249
5272,-250
5273,-249
5274,-250
5275,-249
5276,-246
5277,-250
5278,-247
5279,-249
5280,-249
5281,-249
5282,-250
5283,-250
5284,-249
5285,-250
5286,-250
5287,-249
5288,-249
5289,-250
5290,-250
5291,-248
5292,-250
5293,-249
5294,-249
5295,-248
5296,-258
5297,-248
5298,-247
5299,-249
5300,-242
5301,-250
5302,-244
5303,-250
5304,-250
5305,-245
5306,-250
5307,-249
5308,-245
5309,-250
5310,-249
5311,-256
5312,-249
5313,-246
5314,-250
5315,-246
5316,-250
5317,-250
5318,-250
5319,-246
5320,-248
5321,-248
5322,-250
5323,-249
5324,-246
5325,-250
5326,-250
5327,-250
5328,-248
5329,-248
5330,-253
5331,-249
5332,-243
5333,-246
5334,-249
5335,-250
5336,-249
5337,-250
5338,-250
5339,-250
5340,-249
5341,-249
5342,-249
5343,-250
5344,-248
5345,-249
5346,-249
5347,-250
5348,-250
5349,-250
5350,-248
5351,-250
5352,-249
5353,-250
5354,-250
5355,-250
5356,-250
5357,-250
5358,-250
5359,-250
5360,-249
5361,-250
5362,-250
5363,-250
5364,-248
5365,-247
5366,-250
5367,-250
5368,-250
5369,-249
5370,-250
5371,-250
5372,-249
5373,-250
5374,-249
5375,-250
5376,-249
5377,-247
5378,-247
5379,-250
5380,-250
5381,-250
5382,-250
5383,-249
5384,-250
5385,-250
5386,-249
5387,-249
5388,-250
5389,-250
5390,-250
5391,-246
5392,-251
5393,-250
5394,-250
5395,-250
5396,-250
5397,-250
5398,-249
5399,-246
5400,-247
5401,-249
5402,-250
5403,-250
5404,-244
5405,-249
5406,-249
5407,-249
5408,-250
5409,-250
5410,-247
5411,-245
5412,-243
5413,-250
5414,-249
5415,-250
5416,-250
5417,-249
5418,-250
5419,-250
5420,-246
5421,-256
5422,-247
5423,-244
5424,-248
5425,-249
5426,-248
5427,-250
5428,-249
5429,-245
5430,-250
5431,-248
5432,-246
5433,-250
5434,-258
5435,-249
5436,-245
5437,-247
5438,-250
5439,-250
5440,-242
5441,-245
5442,-250
5443,-247
5444,-249
5445,-250
5446,-249
5447,-247
5448,-249
5449,-249
5450,-249
5451,-250
5452,-250
5453,-247
5454,-248
5455,-249
5456,-249
5457,-250
5458,-250
5459,-250
5460,-250
5461,-250
5462,-246
5463,-250
5464,-250
5465,-245
5466,-250
5467,-248
5468,-250
5469,-250
5470,-247
5471,-250
5472,-250
5473,-248
5474,-250
5475,-246
5476,-249
5477,-250
5478,-58
5479,-250
5480,-249
5481,-249
5482,-249
5483,-249
5484,-246
5485,-250
5486,-250
5487,-249
5488,-250
5489,-244
5490,-249
5491,-249
5492,-247
5493,-254
5494,-250
5495,-249
5496,-250
5497,-249
5498,-248
5499,-245
5500,-249
5501,-249
5502,-250
5503,-250
5504,-249
5505,-247
5506,-249
5507,-250
5508,-250
5509,-247
5510,-249
5511,-247
5512,-250
5513,-246
5514,-249
5515,-248
5516,-250
5517,-250
5518,-248
5519,-250
5520,-250
5521,-250
5522,-248
5523,-250
5524,-249
5525,-250
5526,-249
5527,-247
5528,-249
5529,-250
5530,-250
5531,-248
5532,-250
5533,-249
5534,-250
5535,-250
5536,-249
5537,-247
5538,-250
5539,-250
5540,-247
5541,-250
5542,-242
5543,-250
5544,-249
5545,-247
5546,-250
5547,-116
5548,-250
5549,-243
5550,-249
5551,-250
5552,-244
5553,-248
5554,-249
5555,-250
5556,-250
5557,-249
5558,-249
5559,-248
5560,-250
5561,-250
5562,-244
5563,-248
5564,-244
5565,-249
5566,-249
5567,-249
5568,-248
5569,-248
5570,-249
5571,-250
5572,-250
5573,-247
5574,-249
5575,-250
5576,-249
5577,-250
5578,-247
5579,-250
5580,-248
5581,-250
5582,-250
5583,-250
5584,-248
5585,-246
5586,-246
5587,-249
5588,-251
5589,-249
5590,-249
5591,-247
5592,-249
5593,-253
5594,-246
5595,-250
5596,-257
5597,-249
5598,-247
5599,-250
5600,-250
5601,-250
5602,-250
5603,-249
5604,-248
5605,-250
5606,-244
5607,-256
5608,-250
5609,-247
5610,-249
5611,-250
5612,-250
5613,-248
5614,-250
5615,-246
5616,-250
5617,-250
5618,-244
5619,-249
5620,-250
5621,-248
5622,-250
5623,-250
5624,-249
5625,-249
5626,-250
5627,-250
5628,-250
5629,-251
5630,-249
5631,-250
5632,-250
5633,-246
5634,-250
5635,-250
5636,-249
5637,-249
5638,-250
5639,-250
5640,-250
5641,-249
5642,-249
5643,-247
5644,-250
5645,-249
5646,-250
5647,-250
5648,-250
5649,-249
5650,-250
5651,-254
5652,-249
5653,-249
5654,-250
5655,-250
5656,-244
5657,-249
5658,-249
5659,-250
5660,-250
5661,-250
5662,-249
5663,-250
5664,-250
5665,-247
5666,-247
5667,-245
5668,-248
5669,-246
5670,-250
5671,-250
5672,-247
5673,-247
5674,-247
5675,-250
5676,-248
5677,-250
5678,-252
5679,-247
5680,-248
5681,-248
5682,-250
5683,-249
5684,-255
5685,-247
5686,-250
5687,-250
5688,-244
5689,-249
5690,-250
5691,-250
5692,-253
5693,-247
5694,-248
5695,-250
5696,-249
5697,-250
5698,-250
5699,-248
5700,-248
5701,-250
5702,-253
5703,-250
5704,-249
5705,-243
5706,-250
5707,-250
5708,-250
5709,-250
5710,-249
5711,-250
5712,-250
5713,-250
5714,-248
5715,-118
5716,-250
5717,-250
5718,-250
5719,-245
5720,-250
5721,-259
5722,-250
5723,-248
5724,-250
5725,-246
5726,-247
5727,-250
5728,-250
5729,-250
5730,-250
5731,-250
5732,-251
5733,-250
5734,-249
5735,-249
5736,-248
5737,-250
5738,-249
5739,-245
5740,-249
5741,-247
5742,-250
5743,-250
5744,-253
5745,-249
5746,-250
5747,-249
5748,-246
5749,-250
5750,-247
5751,-249
5752,-248
5753,-250
5754,-250
5755,-251
5756,-250
5757,-246
5758,-249
5759,-250
5760,-248
5761,-250
5762,-249
5763,-248
5764,-250
5765,-242
5766,-250
5767,-249
5768,-250
5769,-250
5770,-250
5771,-250
5772,-249
5773,-252
5774,-250
5775,-250
5776,-248
5777,-250
5778,-245
5779,-250
5780,-250
5781,-249
5782,-249
5783,-253
5784,-250
5785,-248
5786,-249
5787,-250
5788,-250
5789,-246
5790,-248
5791,-250
5792,-250
5793,-245
5794,-250
5795,-249
5796,-250
5797,-250
5798,-250
5799,-249
5800,-248
5801,-252
5802,-247
5803,-250
5804,-247
5805,-250
5806,-249
5807,-258
5808,-250
5809,-250
5810,-250
5811,-245
5812,-249
5813,-250
5814,-248
5815,-143
5816,-245
5817,-250
5818,-250
5819,-250
5820,-248
5821,-249
5822,-249
5823,-250
5824,-250
5825,-250
5826,-248
5827,-250
5828,-246
5829,-250
5830,-249
5831,-250
5832,-246
5833,-248
5834,-250
5835,-250
5836,-246
5837,-249
5838,-130
5839,-248
5840,-250
5841,-248
5842,-250
5843,-250
5844,-248
5845,-250
5846,-247
5847,-249
5848,-250
5849,-249
5850,-245
5851,-250
5852,-248
5853,-246
5854,-255
5855,-248
5856,-250
5857,-248
5858,-250
5859,-250
5860,-249
5861,-249
5862,-250
5863,-249
5864,-250
5865,-248
5866,-250
5867,-250
5868,-248
5869,-247
5870,-245
5871,-247
5872,-250
5873,-250
5874,-250
5875,-250
5876,-250
5877,-249
5878,-250
5879,-248
5880,-245
5881,-246
5882,-250
5883,-251
5884,-249
5885,-250
5886,-250
5887,-250
5888,-250
5889,-250
5890,-249
5891,-248
5892,-249
5893,-250
5894,-250
5895,-247
5896,-250
5897,-245
5898,-249
5899,-247
5900,-249
5901,-248
5902,-250
5903,-250
5904,-250
5905,-254
5906,-250
5907,-249
5908,-246
5909,-243
5910,-253
5911,-250
5912,-249
5913,-249
5914,-249
5915,-248
5916,-249
5917,-250
5918,-250
5919,-250
5920,-250
5921,-250
5922,-250
5923,-250
5924,-250
5925,-247
5926,-250
5927,-250
5928,-250
5929,-249
5930,-249
5931,-249
5932,-248
5933,-250
5934,-249
5935,-248
5936,-249
5937,-246
5938,-249
5939,-249
5940,-244
5941,-246
5942,-250
5943,-250
5944,-250
5945,-250
5946,-249
5947,-245
5948,-247
5949,-255
5950,-250
5951,-249
5952,-244
5953,-248
5954,-249
5955,-248
5956,-250
5957,-247
5958,-250
5959,-250
5960,-248
5961,-248
5962,-250
5963,-250
5964,-250
5965,-250
5966,-249
5967,-249
5968,-249
5969,-250
5970,-243
5971,-246
5972,-250
5973,-249
5974,-250
5975,-248
5976,-240
5977,-250
5978,-250
5979,-249
5980,-250
5981,-250
5982,-246
5983,-250
5984,-250
5985,-249
5986,-246
5987,-250
5988,-250
5989,-250
5990,-249
5991,-247
5992,-249
5993,-55
5994,-250
5995,-249
5996,-249
5997,-249
5998,-247
5999,-247
6000,-244
6001,-250
6002,-250
6003,-250
6004,-249
6005,-250
6006,-249
6007,-242
6008,-249
6009,-247
6010,-250
6011,-250
6012,-250
6013,-250
6014,-250
6015,-250
6016,-248
6017,-250
6018,-245
6019,-249
6020,-250
6021,-249
6022,-248
6023,-245
6024,-248
6025,-249
6026,-245
6027,-248
6028,-250
6029,-249
6030,-254
6031,-250
6032,-250
6033,-249
6034,-250
6035,-249
6036,-252
6037,-250
6038,-249
6039,-248
6040,-250
6041,-250
6042,-250
6043,-246
6044,-245
6045,-250
6046,-250
6047,-250
6048,-249
6049,-246
6050,-250
6051,-249
6052,-250
6053,-250
6054,-250
6055,-250
6056,-243
6057,-250
6058,-247
6059,-250
6060,-253
6061,-121
6062,-250
6063,-250
6064,-249
6065,-245
6066,-248
6067,-250
6068,-249
6069,-250
6070,-249
6071,-250
6072,-247
6073,-250
6074,-248
6075,-247
6076,-248
6077,-250
6078,-249
6079,-249
6080,-246
6081,-247
6082,-249
6083,-257
6084,-249
6085,-247
6086,-250
6087,-249
6088,-256
6089,-250
6090,-249
6091,-250
6092,-250
6093,-247
6094,-246
6095,-249
6096,-248
6097,-249
6098,-252
6099,-249
6100,-249
6101,-249
6102,-246
6103,-248
6104,-249
6105,-249
6106,-249
6107,-249
6108,-250
6109,-247
6110,-248
6111,-250
6112,-243
6113,-246
6114,-248
6115,-250
6116,-249
6117,-249
6118,-249
6119,-246
6120,-250
6121,-249
6122,-248
6123,-250
6124,-250
6125,-250
6126,-249
6127,-249
6128,-245
6129,-249
6130,-250
6131,-250
6132,-250
6133,-247
6134,-249
6135,-248
6136,-247
6137,-250
6138,-250
6139,-250
6140,-254
6141,-250
6142,-247
6143,-246
6144,-245
6145,-248
6146,-243
6147,-250
6148,-249
6149,-250
6150,-250
6151,-249
6152,-250
6153,-250
6154,-248
6155,-249
6156,-250
6157,-248
6158,-250
6159,-249
6160,-248
6161,-250
6162,-250
6163,-249
6164,-249
6165,-249
6166,-250
6167,-249
6168,-249
6169,-249
6170,-250
6171,-244
6172,-250
6173,-247
6174,-250
6175,-250
6176,-249
6177,-246
6178,-250
6179,-249
6180,-250
6181,-253
6182,-249
6183,-250
6184,-250
6185,-249
6186,-250
6187,-249
6188,-250
6189,-250
6190,-247
6191,-246
6192,-250
6193,-250
6194,-250
6195,-250
6196,-250
6197,-247
6198,-249
6199,-250
6200,-249
6201,-250
6202,-249
6203,-250
6204,-244
6205,-257
6206,-250
6207,-250
6208,-250
6209,-250
6210,-249
6211,-250
6212,-247
6213,-250
6214,-249
6215,-249
6216,-249
6217,-249
6218,-247
6219,-250
6220,-246
6221,-249
6222,-250
6223,-249
6224,-244
6225,-254
6226,-247
6227,-250
6228,-108
6229,-247
6230,-250
6231,-248
6232,-249
6233,-249
6234,-248
6235,-246
6236,-250
6237,-250
6238,-249
6239,-250
6240,-246
6241,-249
6242,-249
6243,-250
6244,-244
6245,-245
6246,-250
6247,-252
6248,-250
6249,-246
6250,-250
6251,-249
6252,-249
6253,-249
6254,-250
6255,-246
6256,-250
6257,-250
6258,-250
6259,-247
6260,-248
6261,-248
6262,-249
6263,-250
6264,-250
6265,-250
6266,-250
6267,-250
6268,-247
6269,-246
6270,-248
6271,-248
6272,-250
6273,-250
6274,-250
6275,-248
6276,-249
6277,-248
6278,-249
6279,-247
6280,-250
6281,-248
6282,-247
6283,-249
6284,-251
6285,-250
6286,-250
6287,-250
6288,-248
6289,-248
6290,-248
6291,-250
6292,-249
6293,-250
6294,-249
6295,-248
6296,-250
6297,-250
6298,-250
6299,-250
6300,-250
6301,-115
6302,-250
6303,-248
6304,-248
6305,-249
6306,-246
6307,-250
6308,-250
6309,-248
6310,-250
6311,-250
6312,-250
6313,-250
6314,-252
6315,-247
6316,-249
6317,-250
6318,-248
6319,-250
6320,-250
6321,-250
6322,-254
6323,-249
6324,-256
6325,-138
6326,-250
6327,-247
6328,-247
6329,-247
6330,-250
6331,-245
6332,-250
6333,-250
6334,-248
6335,-248
6336,-249
6337,-250
6338,-250
6339,-248
6340,-249
6341,-250
6342,-249
6343,-250
6344,-249
6345,-247
6346,-250
6347,-249
6348,-250
6349,-249
6350,-259
6351,-250
6352,-249
6353,-247
6354,-244
6355,-248
6356,-249
6357,-249
6358,-247
6359,-250
6360,-247
6361,-250
6362,-250
6363,-250
6364,-250
6365,-252
6366,-249
6367,-124
6368,-250
6369,-250
6370,-250
6371,-250
6372,-248
6373,-249
6374,-249
6375,-250
6376,-249
6377,-248
6378,-250
6379,-249
6380,-249
6381,-250
6382,-249
6383,-250
6384,-249
6385,-250
6386,-248
6387,-250
6388,-248
6389,-249
6390,-246
6391,-246
6392,-250
6393,-250
6394,-248
6395,-250
6396,-248
6397,-248
6398,-244
6399,-64
6400,-250
6401,-250
6402,-248
6403,-250
6404,-249
6405,-73
6406,-250
6407,-249
6408,-250
6409,-248
6410,-249
6411,-249
6412,-249
6413,-249
6414,-251
6415,-252
6416,-250
6417,-250
6418,-249
6419,-249
6420,-247
6421,-248
6422,-249
6423,-250
6424,-250
6425,-249
6426,-258
6427,-249
6428,-251
6429,-249
6430,-248
6431,-249
6432,-249
6433,-249
6434,-250
6435,-250
6436,-122
6437,-250
6438,-249
6439,-250
6440,-247
6441,-250
6442,-144
6443,-249
6444,-67
6445,-249
6446,-249
6447,-249
6448,-248
6449,-249
6450,-249
6451,-249
6452,-249
6453,-250
6454,-249
6455,-250
6456,-250
6457,-250
6458,-250
6459,-250
6460,-243
6461,-247
6462,-250
6463,-247
6464,-250
6465,-248
6466,-247
6467,-249
6468,-250
6469,-249
6470,-248
6471,-247
6472,-250
6473,-249
6474,-245
6475,-250
6476,-249
6477,-250
6478,-250
6479,-248
6480,-251
6481,-250
6482,-250
6483,-250
6484,-250
6485,-250
6486,-250
6487,-250
6488,-245
6489,-249
6490,-247
6491,-249
6492,-246
6493,-248
6494,-249
6495,-250
6496,-249
6497,-249
6498,-248
6499,-248
6500,-250
6501,-247
6502,-249
6503,-248
6504,-249
6505,-242
6506,-250
6507,-250
6508,-248
6509,-249
6510,-250
6511,-250
6512,-249
6513,-250
6514,-250
6515,-249
6516,-250
6517,-250
6518,-250
6519,-250
6520,-248
6521,-250
6522,-250
6523,-250
6524,-249
6525,-250
6526,-250
6527,-250
6528,-249
6529,-249
6530,-249
6531,-249
6532,-250
6533,-246
6534,-250
6535,-249
6536,-247
6537,-249
6538,-250
6539,-250
6540,-250
6541,-250
6542,-250
6543,-249
6544,-248
6545,-250
6546,-248
6547,-248
6548,-74
6549,-255
6550,-247
6551,-250
6552,-247
6553,-248
6554,-250
6555,-250
6556,-247
6557,-97
6558,-249
6559,-248
6560,-250
6561,-250
6562,-250
6563,-249
6564,-250
6565,-250
6566,-249
6567,-250
6568,-250
6569,-250
6570,-249
6571,-250
6572,-248
6573,-250
6574,-248
6575,-250
6576,-247
6577,-249
6578,-249
6579,-250
6580,-250
6581,-248
6582,-249
6583,-250
6584,-250
6585,-249
6586,-250
6587,-250
6588,-247
6589,-250
6590,-249
6591,-250
6592,-256
6593,-250
6594,-250
6595,-250
6596,-249
6597,-248
6598,-250
6599,-249
6600,-250
6601,-250
6602,-249
6603,-250
6604,-250
6605,-250
6606,-249
6607,-248
6608,-250
6609,-250
6610,-250
6611,-249
6612,-250
6613,-249
6614,-244
6615,-249
6616,-250
6617,-250
6618,-250
6619,-246
6620,-247
6621,-248
6622,-251
6623,-250
6624,-249
6625,-250
6626,-250
6627,-249
6628,-250
6629,-250
6630,-250
6631,-248
6632,-249
6633,-249
6634,-250
6635,-250
6636,-246
6637,-248
6638,-250
6639,-250
6640,-250
6641,-245
6642,-249
6643,-249
6644,-249
6645,-250
6646,-249
6647,-250
6648,-75
6649,-247
6650,-250
6651,-248
6652,-250
6653,-250
6654,-250
6655,-250
6656,-249
6657,-249
6658,-250
6659,-250
6660,-249
6661,-254
6662,-248
6663,-250
6664,-245
6665,-249
6666,-250
6667,-247
6668,-250
6669,-248
6670,-248
6671,-250
6672,-250
6673,-249
6674,-250
6675,-250
6676,-249
6677,-248
6678,-250
6679,-250
6680,-91
6681,-248
6682,-249
6683,-252
6684,-250
6685,-250
6686,-250
6687,-249
6688,-249
6689,-244
6690,-250
6691,-250
6692,-250
6693,-246
6694,-249
6695,-250
6696,-247
6697,-248
6698,-249
6699,-250
6700,-249
6701,-250
6702,-250
6703,-248
6704,-247
6705,-247
6706,-250
6707,-247
6708,-250
6709,-250
6710,-250
6711,-250
6712,-244
6713,-250
6714,-250
6715,-250
6716,-249
6717,-249
6718,-250
6719,-250
6720,-249
6721,-250
6722,-249
6723,-243
6724,-249
6725,-249
6726,-248
6727,-248
6728,-256
6729,-249
6730,-248
6731,-249
6732,-249
6733,-249
6734,-248
6735,-247
6736,-250
6737,-250
6738,-250
6739,-248
6740,-250
6741,-250
6742,-243
6743,-250
6744,-136
6745,-250
6746,-249
6747,-247
6748,-250
6749,-249
6750,-247
6751,-250
6752,-248
6753,-245
6754,-248
6755,-246
6756,-246
6757,-248
6758,-247
6759,-249
6760,-250
6761,-249
6762,-250
6763,-250
6764,-248
6765,-248
6766,-250
6767,-250
6768,-246
6769,-250
6770,-250
6771,-245
6772,-250
6773,-249
6774,-249
6775,-250
6776,-245
6777,-247
6778,-248
6779,-250
6780,-250
6781,-250
6782,-249
6783,-247
6784,-250
6785,-250
6786,-248
6787,-246
6788,-249
6789,-249
6790,-250
6791,-250
6792,-247
6793,-250
6794,-248
6795,-251
6796,-249
6797,-250
6798,-249
6799,-248
6800,-247
6801,-245
6802,-249
6803,-249
6804,-250
6805,-249
6806,-250
6807,-247
6808,-250
6809,-246
6810,-250
6811,-249
6812,-250
6813,-249
6814,-248
6815,-250
6816,-252
6817,-249
6818,-248
6819,-250
6820,-85
6821,-248
6822,-250
6823,-249
6824,-250
6825,-255
6826,-247
6827,-250
6828,-250
6829,-249
6830,-250
6831,-250
6832,-248
6833,-248
6834,-250
6835,-250
6836,-250
6837,-250
6838,-249
6839,-250
6840,-250
6841,-249
6842,-250
6843,-250
6844,-248
6845,-250
6846,-246
6847,-248
6848,-250
6849,-249
6850,-250
6851,-250
6852,-248
6853,-249
6854,-250
6855,-248
6856,-250
6857,-250
6858,-250
6859,-250
6860,-248
6861,-250
6862,-250
6863,-250
6864,-250
6865,-248
6866,-249
6867,-250
6868,-250
6869,-250
6870,-250
6871,-250
6872,-250
6873,-249
6874,-248
6875,-250
6876,-250
6877,-250
6878,-249
6879,-250
6880,-250
6881,-249
6882,-250
6883,-250
6884,-249
6885,-250
6886,-248
6887,-247
6888,-250
6889,-250
6890,-249
6891,-249
6892,-250
6893,-250
6894,-250
6895,-250
6896,-249
6897,-250
6898,-249
6899,-249
6900,-249
6901,-246
6902,-249
6903,-250
6904,-249
6905,-244
6906,-250
6907,-249
6908,-248
6909,-249
6910,-249
6911,-250
6912,-250
6913,-250
6914,-250
6915,-247
6916,-250
6917,-250
6918,-249
6919,-248
6920,-249
6921,-250
6922,-250
6923,-249
6924,-250
6925,-250
6926,-250
6927,-250
6928,-248
6929,-250
6930,-250
6931,-250
6932,-249
6933,-250
6934,-250
6935,-250
6936,-246
6937,-249
6938,-44
6939,-250
6940,-250
6941,-246
6942,-250
6943,-247
6944,-245
6945,-128
6946,-250
6947,-249
6948,-250
6949,-249
6950,-250
6951,-248
6952,-249
6953,-250
6954,-250
6955,-250
6956,-246
6957,-256
6958,-246
6959,-242
6960,-250
6961,-250
6962,-250
6963,-250
6964,-248
6965,-249
6966,-249
6967,-257
6968,-249
6969,-250
6970,-249
6971,-247
6972,-249
6973,-250
6974,-248
6975,-248
6976,-249
6977,-246
6978,-250
6979,-247
6980,-249
6981,-249
6982,-252
6983,-23
6984,-249
6985,-250
6986,-250
6987,-111
6988,-245
6989,-250
6990,-247
6991,-247
6992,-249
6993,-243
6994,-250
6995,-248
6996,-250
6997,-256
6998,-250
6999,-251
7000,-252
7001,-250
7002,-248
7003,-250
7004,-250
7005,-249
7006,-250
7007,-247
7008,-125
7009,-250
7010,-246
7011,-248
7012,-250
7013,-250
7014,-246
7015,-243
7016,-248
7017,-249
7018,-250
7019,-246
7020,-249
7021,-250
7022,-247
7023,-250
7024,-248
7025,-246
7026,-249
7027,-249
7028,-249
7029,-250
7030,-141
7031,-250
7032,-249
7033,-250
7034,-250
7035,-250
7036,-250
7037,-244
7038,-250
7039,-248
7040,-250
7041,-247
7042,-250
7043,-248
7044,-249
7045,-249
7046,-250
7047,-250
7048,-250
7049,-250
7050,-250
7051,-247
7052,-250
7053,-253
7054,-250
7055,-250
7056,-250
7057,-255
7058,-248
7059,-247
7060,-250
7061,-250
7062,-250
7063,-248
7064,-257
7065,-250
7066,-249
7067,-250
7068,-257
7069,-245
7070,-249
7071,-249
7072,-249
7073,-250
7074,-258
7075,-250
7076,-250
7077,-249
7078,-249
7079,-245
7080,-250
7081,-248
7082,-250
7083,-249
7084,-248
7085,-249
7086,-249
7087,-250
7088,-250
7089,-250
7090,-250
7091,-249
7092,-250
7093,-250
7094,-250
7095,-257
7096,-250
7097,-249
7098,-246
7099,-250
7100,-249
7101,-245
7102,-246
7103,-250
7104,-250
7105,-250
7106,-250
7107,-250
7108,-250
7109,-249
7110,-249
7111,-246
7112,-257
7113,-249
7114,-250
7115,-250
7116,-249
7117,-247
7118,-250
7119,-250
7120,-250
7121,-245
7122,-250
7123,-110
7124,-250
7125,-252
7126,-248
7127,-250
7128,-250
7129,-248
7130,-247
7131,-76
7132,-250
7133,-248
7134,-250
7135,-250
7136,-250
7137,-148
7138,-248
7139,-250
7140,-248
7141,-250
7142,-247
7143,-250
7144,-249
7145,-249
7146,-250
7147,-249
7148,-248
7149,-249
7150,-257
7151,-250
7152,-250
7153,-248
7154,-248
7155,-243
7156,-255
7157,-130
7158,-250
7159,-252
7160,-247
7161,-248
7162,-249
7163,-250
7164,-250
7165,-250
7166,-250
7167,-249
7168,-250
7169,-248
7170,-243
7171,-101
7172,-250
7173,-250
7174,-244
7175,-250
7176,-249
7177,-245
7178,-250
7179,-250
7180,-250
7181,-248
7182,-250
7183,-247
7184,-247
7185,-249
7186,-131
7187,-246
7188,-250
7189,-250
7190,-248
7191,-249
7192,-250
7193,-250
7194,-250
7195,-250
7196,-248
7197,-250
7198,-253
7199,-250
7200,-240
7201,-250
7202,-250
7203,-247
7204,-252
7205,-250
7206,-249
7207,-250
7208,-250
7209,-122
7210,-250
7211,-127
7212,-250
7213,-250
7214,-250
7215,-249
7216,-250
7217,-249
7218,-243
7219,-129
7220,-243
7221,-254
7222,-249
7223,-246
7224,-248
7225,-249
7226,-250
7227,-247
7228,-250
7229,-250
7230,-249
7231,-248
7232,-247
7233,-250
7234,-249
7235,-250
7236,-250
7237,-244
7238,-250
7239,-250
7240,-250
7241,-249
7242,-250
7243,-249
7244,-250
7245,-256
7246,-249
7247,-250
7248,-249
7249,-250
7250,-252
7251,-250
7252,-250
7253,-248
7254,-250
7255,-249
7256,-241
7257,-250
7258,-250
7259,-249
7260,-250
7261,-250
7262,-250
7263,-248
7264,-249
7265,-248
7266,-249
7267,-249
7268,-247
7269,-249
7270,-249
7271,-249
7272,-248
7273,-249
7274,-250
7275,-244
7276,-250
7277,-249
7278,-250
7279,-250
7280,-250
7281,-258
7282,-249
7283,-250
7284,-249
7285,-250
7286,-250
7287,-250
7288,-250
7289,-249
7290,-250
7291,-250
7292,-249
7293,-250
7294,-250
7295,-250
7296,-134
7297,-250
7298,-249
7299,-250
7300,-250
7301,-250
7302,-249
7303,-259
7304,-247
7305,-250
7306,-249
7307,-250
7308,-248
7309,-249
7310,-250
7311,-248
7312,-250
7313,-250
7314,-250
7315,-250
7316,-248
7317,-250
7318,-250
7319,-249
7320,-250
7321,-249
7322,-250
7323,-250
7324,-250
7325,-250
7326,-249
7327,-250
7328,-248
7329,-250
7330,-250
7331,-250
7332,-248
7333,-250
7334,-250
7335,-250
7336,-250
7337,-250
7338,-249
7339,-250
7340,-245
7341,-250
7342,-99
7343,-250
7344,-250
7345,-249
7346,-250
7347,-249
7348,-250
7349,-250
7350,-248
7351,-248
7352,-249
7353,-249
7354,-250
7355,-250
7356,-249
7357,-255
7358,-250
7359,-248
7360,-250
7361,-249
7362,-250
7363,-248
7364,-249
7365,-249
7366,-250
7367,-250
7368,-249
7369,-253
7370,-250
7371,-250
7372,-249
7373,-250
7374,-250
7375,-249
7376,-249
7377,-259
7378,-249
7379,-250
7380,-249
7381,-249
7382,-250
7383,-246
7384,-250
7385,-250
7386,-250
7387,-250
7388,-250
7389,-249
7390,-250
7391,-250
7392,-250
7393,-250
7394,-245
7395,-250
7396,-250
7397,-250
7398,-249
7399,-78
7400,-250
7401,-253
7402,-247
7403,-249
7404,-249
7405,-250
7406,-249
7407,-249
7408,-247
7409,-249
7410,-249
7411,-246
7412,-250
7413,-257
7414,-250
7415,-249
7416,-249
7417,-250
7418,-247
7419,-247
7420,-250
7421,-250
7422,-247
7423,-53
7424,-249
7425,-250
7426,-248
7427,-252
7428,-249
7429,-250
7430,-249
7431,-249
7432,-247
7433,-247
7434,-250
7435,-116
7436,-250
7437,-249
7438,-250
7439,-250
7440,-247
7441,-250
7442,-250
7443,-250
7444,-250
7445,-249
7446,-249
7447,-250
7448,-249
7449,-250
7450,-250
7451,-245
7452,-250
7453,-248
7454,-248
7455,-250
7456,-250
7457,-247
7458,-250
7459,-247
7460,-248
7461,-250
7462,-249
7463,-250
7464,-250
7465,-248
7466,-245
7467,-250
7468,-253
7469,-250
7470,-249
7471,-250
7472,-249
7473,-250
7474,-250
7475,-250
7476,-250
7477,-250
7478,-248
7479,-249
7480,-248
7481,-250
7482,-245
7483,-250
7484,-259
7485,-249
7486,-248
7487,-250
7488,-250
7489,-248
7490,-250
7491,-250
7492,-248
7493,-247
7494,-249
7495,-250
7496,-240
7497,-249
7498,-248
7499,-246
7500,-250
7501,-248
7502,-249
7503,-250
7504,-249
7505,-250
7506,-247
7507,-250
7508,-250
7509,-250
7510,-249
7511,-250
7512,-250
7513,-250
7514,-250
7515,-118
7516,-250
7517,-249
7518,-249
7519,-250
7520,-248
7521,-250
7522,-250
7523,-248
7524,-250
7525,-250
7526,-248
7527,-249
7528,-250
7529,-250
7530,-245
7531,-249
7532,-251
7533,-250
7534,-250
7535,-247
7536,-249
7537,-251
7538,-250
7539,-249
7540,-250
7541,-249
7542,-243
7543,-249
7544,-248
7545,-249
7546,-249
7547,-243
7548,-250
7549,-248
7550,-250
7551,-250
7552,-245
7553,-249
7554,-255
7555,-249
7556,-248
7557,-249
7558,-248
7559,-250
7560,-250
7561,-256
7562,-249
7563,-247
7564,-249
7565,-250
7566,-253
7567,-250
7568,-248
7569,-248
7570,-250
7571,-250
7572,-142
7573,-245
7574,-259
7575,-250
7576,-250
7577,-250
7578,-244
7579,-250
7580,-250
7581,-249
7582,-250
7583,-250
7584,-249
7585,-245
7586,-250
7587,-248
7588,-245
7589,-250
7590,-243
7591,-250
7592,-250
7593,-248
7594,-250
7595,-249
7596,-250
7597,-249
7598,-249
7599,-248
7600,-248
7601,-250
7602,-249
7603,-250
7604,-256
7605,-249
7606,-250
7607,-249
7608,-248
7609,-247
7610,-249
7611,-250
7612,-250
7613,-247
7614,-249
7615,-248
7616,-250
7617,-247
7618,-250
7619,-250
7620,-249
7621,-248
7622,-250
7623,-250
7624,-249
7625,-250
7626,-248
7627,-249
7628,-250
7629,-247
7630,-250
7631,-250
7632,-249
7633,-250
7634,-250
7635,-250
7636,-250
7637,-250
7638,-249
7639,-248
7640,-249
7641,-250
7642,-250
7643,-250
7644,-246
7645,-250
7646,-250
7647,-244
7648,-78
7649,-254
7650,-250
7651,-249
7652,-245
7653,-250
7654,-249
7655,-250
7656,-249
7657,-245
7658,-250
7659,-249
7660,-249
7661,-250
7662,-250
7663,-250
7664,-250
7665,-250
7666,-250
7667,-249
7668,-250
7669,-250
7670,-250
7671,-250
7672,-250
7673,-243
7674,-249
7675,-250
7676,-250
7677,-248
7678,-248
7679,-249
7680,-245
7681,-249
7682,-250
7683,-250
7684,-249
7685,-250
7686,-250
7687,-250
7688,-249
7689,-250
7690,-245
7691,-249
7692,-250
7693,-250
7694,-250
7695,-250
7696,-249
7697,-250
7698,-248
7699,-250
7700,-250
7701,-249
7702,-249
7703,-250
7704,-250
7705,-250
7706,-250
7707,-249
7708,-246
7709,-248
7710,-249
7711,-250
7712,-250
7713,-250
7714,-250
7715,-249
7716,-247
7717,-248
7718,-249
7719,-247
7720,-102
7721,-250
7722,-246
7723,-247
7724,-250
7725,-250
7726,-250
7727,-254
7728,-247
7729,-249
7730,-250
7731,-248
7732,-250
7733,-250
7734,-257
7735,-250
7736,-250
7737,-248
7738,-245
7739,-249
7740,-250
7741,-250
7742,-250
7743,-246
7744,-249
7745,-249
7746,-249
7747,-250
7748,-250
7749,-250
7750,-250
7751,-249
7752,-247
7753,-248
7754,-250
7755,-248
7756,-246
7757,-249
7758,-249
7759,-248
7760,-250
7761,-250
7762,-250
7763,-255
7764,-249
7765,-250
7766,-244
7767,-250
7768,-249
7769,-250
7770,-247
7771,-250
7772,-246
7773,-250
7774,-250
7775,-136
7776,-249
7777,-247
7778,-248
7779,-249
7780,-249
7781,-240
7782,-249
7783,-250
7784,-250
7785,-249
7786,-249
7787,-250
7788,-250
7789,-250
7790,-246
7791,-248
7792,-250
7793,-250
7794,-250
7795,-78
7796,-250
7797,-250
7798,-250
7799,-247
7800,-249
7801,-250
7802,-249
7803,-78
7804,-250
7805,-249
7806,-249
7807,-248
7808,-249
7809,-250
7810,-250
7811,-250
7812,-250
7813,-250
7814,-246
7815,-248
7816,-126
7817,-250
7818,-249
7819,-248
7820,-249
7821,-249
7822,-250
7823,-249
7824,-102
7825,-248
7826,-250
7827,-250
7828,-250
7829,-250
7830,-250
7831,-250
7832,-249
7833,-247
7834,-250
7835,-249
7836,-250
7837,-250
7838,-249
7839,-250
7840,-109
7841,-249
7842,-250
7843,-249
7844,-250
7845,-250
7846,-249
7847,-247
7848,-249
7849,-256
7850,-246
7851,-246
7852,-249
7853,-250
7854,-246
7855,-249
7856,-250
7857,-248
7858,-249
7859,-250
7860,-254
7861,-250
7862,-249
7863,-247
7864,-250
7865,-243
7866,-244
7867,-250
7868,-250
7869,-250
7870,-250
7871,-248
7872,-250
7873,-253
7874,-250
7875,-242
7876,-249
7877,-59
7878,-248
7879,-248
7880,-250
7881,-250
7882,-250
7883,-249
7884,-102
7885,-250
7886,-248
7887,-246
7888,-250
7889,-250
7890,-249
7891,-250
7892,-248
7893,-245
7894,-248
7895,-249
7896,-250
7897,-250
7898,-250
7899,-246
7900,-247
7901,-250
7902,-250
7903,-250
7904,-250
7905,-87
7906,-250
7907,-249
7908,-246
7909,-250
7910,-250
7911,-248
7912,-248
7913,-256
7914,-250
7915,-249
7916,-251
7917,-250
7918,-250
7919,-250
7920,-249
7921,-249
7922,-250
7923,-250
7924,-249
7925,-257
7926,-248
7927,-249
7928,-250
7929,-250
7930,-254
7931,-248
7932,-250
7933,-258
7934,-250
7935,-249
7936,-94
7937,-250
7938,-247
7939,-246
7940,-248
7941,-247
7942,-250
7943,-250
7944,-246
7945,-250
7946,-250
7947,-249
7948,-249
7949,-250
7950,-248
7951,-250
7952,-250
7953,-250
7954,-249
7955,-250
7956,-249
7957,-250
7958,-250
7959,-250
7960,-249
7961,-248
7962,-250
7963,-250
7964,-250
7965,-250
7966,-250
7967,-247
7968,-250
7969,-250
7970,-250
7971,-249
7972,-249
7973,-248
7974,-248
7975,-249
7976,-250
7977,-250
7978,-249
7979,-249
7980,-250
7981,-250
7982,-250
7983,-249
7984,-250
7985,-250
7986,-249
7987,-246
7988,-250
7989,-248
7990,-250
7991,-249
7992,-250
7993,-250
7994,-247
7995,-247
7996,-248
7997,-242
7998,-248
7999,-249
8000,-250
8001,-250
8002,-246
8003,-250
8004,-142
8005,-249
8006,-249
8007,-250
8008,-250
8009,-250
8010,-250
8011,-246
8012,-249
8013,-250
8014,-249
8015,-248
8016,-250
8017,-248
8018,-248
8019,-249
8020,-247
8021,-245
8022,-250
8023,-250
8024,-247
8025,-249
8026,-249
8027,-250
8028,-249
8029,-115
8030,-249
8031,-250
8032,-250
8033,-250
8034,-250
8035,-246
8036,-251
8037,-250
8038,-249
8039,-250
8040,-250
8041,-250
8042,-250
8043,-249
8044,-253
8045,-248
8046,-247
8047,-249
8048,-248
8049,-250
8050,-249
8051,-255
8052,-246
8053,-247
8054,-249
8055,-250
8056,-250
8057,-250
8058,-250
8059,-250
8060,-248
8061,-250
8062,-250
8063,-249
8064,-257
8065,-250
8066,-248
8067,-249
8068,-248
8069,-249
8070,-248
8071,-248
8072,-240
8073,-249
8074,-249
8075,-250
8076,-250
8077,-249
8078,-250
8079,-250
8080,-248
8081,-247
8082,-248
8083,-249
8084,-249
8085,-248
8086,-250
8087,-250
8088,-250
8089,-248
8090,-68
8091,-250
8092,-246
8093,-251
8094,-250
8095,-250
8096,-248
8097,-250
8098,-249
8099,-247
8100,-242
8101,-249
8102,-250
8103,-249
8104,-249
8105,-247
8106,-250
8107,-249
8108,-37
8109,-249
8110,-249
8111,-250
8112,-249
8113,-250
8114,-248
8115,-245
8116,-249
8117,-250
8118,-248
8119,-248
8120,-249
8121,-248
8122,-249
8123,-251
8124,-249
8125,-249
8126,-247
8127,-245
8128,-257
8129,-250
8130,-249
8131,-249
8132,-250
8133,-249
8134,-244
8135,-250
8136,-250
8137,-253
8138,-249
8139,-250
8140,-247
8141,-250
8142,-115
8143,-242
8144,-250
8145,-249
8146,-250
8147,-248
8148,-250
8149,-250
8150,-244
8151,-245
8152,-250
8153,-250
8154,-249
8155,-249
8156,-257
8157,-249
8158,-248
8159,-248
8160,-249
8161,-241
8162,-254
8163,-250
8164,-250
8165,-250
8166,-250
8167,-250
8168,-250
8169,-249
8170,-249
8171,-256
8172,-249
8173,-250
8174,-252
8175,-255
8176,-250
8177,-245
8178,-248
8179,-250
8180,-250
8181,-248
8182,-248
8183,-250
8184,-250
8185,-245
8186,-250
8187,-249
8188,-253
8189,-248
8190,-249
8191,-250
8192,-250
8193,-250
8194,-249
8195,-250
8196,-247
8197,-248
8198,-250
8199,-249
8200,-250
8201,-250
8202,-250
8203,-249
8204,-250
8205,-249
8206,-248
8207,-250
8208,-250
8209,-249
8210,-248
8211,-250
8212,-250
8213,-248
8214,-250
8215,-250
8216,-250
8217,-249
8218,-249
8219,-249
8220,-247
8221,-250
8222,-249
8223,-250
8224,-247
8225,-248
8226,-250
8227,-71
8228,-250
8229,-250
8230,-250
8231,-250
8232,-123
8233,-248
8234,-250
8235,-253
8236,-250
8237,-250
8238,-244
8239,-248
8240,-249
8241,-249
8242,-250
8243,-250
8244,-247
8245,-249
8246,-96
8247,-249
8248,-250
8249,-249
8250,-250
8251,-249
8252,-250
8253,-249
8254,-255
8255,-249
8256,-247
8257,-250
8258,-257
8259,-244
8260,-250
8261,-250
8262,-248
8263,-249
8264,-248
8265,-250
8266,-253
8267,-250
8268,-250
8269,-249
8270,-250
8271,-246
8272,-249
8273,-249
8274,-249
8275,-250
8276,-248
8277,-245
8278,-249
8279,-248
8280,-250
8281,-250
8282,-248
8283,-250
8284,-250
8285,-249
8286,-247
8287,-142
8288,-256
8289,-250
8290,-250
8291,-250
8292,-250
8293,-248
8294,-248
8295,-250
8296,-249
8297,-258
8298,-250
8299,-250
8300,-250
8301,-249
8302,-251
8303,-249
8304,-250
8305,-250
8306,-249
8307,-249
8308,-248
8309,-244
8310,-249
8311,-250
8312,-248
8313,-248
8314,-248
8315,-250
8316,-249
8317,-249
8318,-250
8319,-246
8320,-250
8321,-247
8322,-51
8323,-247
8324,-247
8325,-249
8326,-248
8327,-247
8328,-250
8329,-250
8330,-247
8331,-249
8332,-250
8333,-249
8334,-250
8335,-249
8336,-250
8337,-250
8338,-249
8339,-250
8340,-250
8341,-250
8342,-63
8343,-248
8344,-249
8345,-250
8346,-246
8347,-247
8348,-250
8349,-250
8350,-250
8351,-249
8352,-248
8353,-248
8354,-249
8355,-258
8356,-250
8357,-249
8358,-254
8359,-249
8360,-245
8361,-250
8362,-249
8363,-250
8364,-250
8365,-248
8366,-250
8367,-249
8368,-246
8369,-248
8370,-250
8371,-249
8372,-250
8373,-248
8374,-250
8375,-250
8376,-250
8377,-250
8378,-250
8379,-248
8380,-249
8381,-250
8382,-250
8383,-250
8384,-250
8385,-250
8386,-249
8387,-250
8388,-248
8389,-66
8390,-250
8391,-250
8392,-248
8393,-250
8394,-250
8395,-250
8396,-249
8397,-246
8398,-30
8399,-249
8400,-250
8401,-249
8402,-106
8403,-245
8404,-250
8405,-250
8406,-249
8407,-250
8408,-249
8409,-248
8410,-244
8411,-250
8412,-246
8413,-250
8414,-249
8415,-250
8416,-250
8417,-250
8418,-250
8419,-250
8420,-248
8421,-249
8422,-248
8423,-250
8424,-258
8425,-248
8426,-249
8427,-250
8428,-246
8429,-249
8430,-248
8431,-250
8432,-248
8433,-250
8434,-249
8435,-250
8436,-250
8437,-247
8438,-95
8439,-247
8440,-250
8441,-250
8442,-250
8443,-250
8444,-249
8445,-250
8446,-246
8447,-250
8448,-247
8449,-70
8450,-250
8451,-250
8452,-250
8453,-249
8454,-246
8455,-246
8456,-116
8457,-248
8458,-250
8459,-247
8460,-248
8461,-249
8462,-248
8463,-250
8464,-250
8465,-250
8466,-249
8467,-250
8468,-250
8469,-250
8470,-250
8471,-250
8472,-250
8473,-250
8474,-250
8475,-248
8476,-249
8477,-250
8478,-250
8479,-250
8480,-246
8481,-76
8482,-250
8483,-248
8484,-249
8485,-247
8486,-248
8487,-250
8488,-249
8489,-250
8490,-250
8491,-250
8492,-249
8493,-250
8494,-250
8495,-250
8496,-248
8497,-250
8498,-248
8499,-250
8500,-249
8501,-250
8502,-250
8503,-250
8504,-245
8505,-249
8506,-249
8507,-250
8508,-247
8509,-249
8510,-249
8511,-250
8512,-250
8513,-249
8514,-247
8515,-247
8516,-250
8517,-250
8518,-249
8519,-250
8520,-250
8521,-258
8522,-243
8523,-250
8524,-250
8525,-248
8526,-242
8527,-250
8528,-249
8529,-250
8530,-250
8531,-249
8532,-250
8533,-250
8534,-247
8535,-250
8536,-248
8537,-250
8538,-250
8539,-248
8540,-250
8541,-249
8542,-250
8543,-250
8544,-248
8545,-247
8546,-248
8547,-250
8548,-250
8549,-245
8550,-250
8551,-250
8552,-250
8553,-245
8554,-250
8555,-250
8556,-248
8557,-250
8558,-250
8559,-250
8560,-250
8561,-251
8562,-250
8563,-250
8564,-250
8565,-249
8566,-245
8567,-250
8568,-249
8569,-83
8570,-250
8571,-250
8572,-250
8573,-248
8574,-248
8575,-250
8576,-250
8577,-249
8578,-250
8579,-250
8580,-249
8581,-247
8582,-249
8583,-249
8584,-243
8585,-82
8586,-249
8587,-249
8588,-249
8589,-247
8590,-250
8591,-250
8592,-250
8593,-247
8594,-247
8595,-250
8596,-249
8597,-250
8598,-250
8599,-250
8600,-250
8601,-249
8602,-250
8603,-249
8604,-249
8605,-250
8606,-250
8607,-248
8608,-250
8609,-250
8610,-250
8611,-249
8612,-250
8613,-249
8614,-249
8615,-250
8616,-249
8617,-250
8618,-248
8619,-250
8620,-250
8621,-250
8622,-249
8623,-249
8624,-250
8625,-249
8626,-247
8627,-249
8628,-249
8629,-248
8630,-249
8631,-245
8632,-250
8633,-249
8634,-250
8635,-250
8636,-250
8637,-250
8638,-249
8639,-247
8640,-256
8641,-246
8642,-249
8643,-248
8644,-254
8645,-251
8646,-250
8647,-250
8648,-248
8649,-250
8650,-249
8651,-251
8652,-250
8653,-248
8654,-250
8655,-247
8656,-245
8657,-250
8658,-250
8659,-250
8660,-249
8661,-249
8662,-250
8663,-250
8664,-250
8665,-249
8666,-246
8667,-250
8668,-249
8669,-248
8670,-249
8671,-248
8672,-249
8673,-249
8674,-250
8675,-250
8676,-250
8677,-253
8678,-250
8679,-102
8680,-250
8681,-250
8682,-249
8683,-250
8684,-250
8685,-249
8686,-249
8687,-249
8688,-248
8689,-250
8690,-254
8691,-248
8692,-250
8693,-250
8694,-248
8695,-249
8696,-249
8697,-247
8698,-249
8699,-248
8700,-250
8701,-251
8702,-250
8703,-249
8704,-250
8705,-250
8706,-249
8707,-250
8708,-247
8709,-247
8710,-250
8711,-249
8712,-248
8713,-249
8714,-249
8715,-246
8716,-249
8717,-249
8718,-249
8719,-245
8720,-249
8721,-248
8722,-248
8723,-250
8724,-250
8725,-250
8726,-249
8727,-250
8728,-250
8729,-250
8730,-248
8731,-250
8732,-249
8733,-248
8734,-250
8735,-240
8736,-249
8737,-250
8738,-250
8739,-250
8740,-249
8741,-250
8742,-250
8743,-250
8744,-250
8745,-246
8746,-250
8747,-249
8748,-250
8749,-250
8750,-248
8751,-250
8752,-250
8753,-249
8754,-249
8755,-250
8756,-250
8757,-250
8758,-249
8759,-250
8760,-250
8761,-250
8762,-246
8763,-249
8764,-250
8765,-249
8766,-107
8767,-250
8768,-250
8769,-250
8770,-250
8771,-249
8772,-250
8773,-94
8774,-249
8775,-248
8776,-250
8777,-249
8778,-250
8779,-249
8780,-250
8781,-250
8782,-250
8783,-249
8784,-249
8785,-249
8786,-250
8787,-250
8788,-249
8789,-250
8790,-248
8791,-250
8792,-250
8793,-249
8794,-249
8795,-249
8796,-247
8797,-250
8798,-248
8799,-249
8800,-248
8801,-250
8802,-250
8803,-244
8804,-250
8805,-243
8806,-252
8807,-250
8808,-250
8809,-248
8810,-246
8811,-249
8812,-249
8813,-249
8814,-250
8815,-249
8816,-248
8817,-250
8818,-249
8819,-249
8820,-250
8821,-248
8822,-258
8823,-250
8824,-250
8825,-246
8826,-251
8827,-249
8828,-250
8829,-250
8830,-248
8831,-250
8832,-247
8833,-249
8834,-250
8835,-248
8836,-249
8837,-250
8838,-251
8839,-248
8840,-250
8841,-250
8842,-249
8843,-248
8844,-249
8845,-254
8846,-250
8847,-249
8848,-250
8849,-250
8850,-249
8851,-249
8852,-248
8853,-250
8854,-249
8855,-249
8856,-250
8857,-249
8858,-250
8859,-248
8860,-248
8861,-250
8862,-250
8863,-250
8864,-248
8865,-250
8866,-250
8867,-249
8868,-248
8869,-249
8870,-250
8871,-248
8872,-250
8873,-249
8874,-248
8875,-250
8876,-250
8877,-250
8878,-248
8879,-250
8880,-250
8881,-248
8882,-249
8883,-250
8884,-255
8885,-248
8886,-249
8887,-247
8888,-249
8889,-249
8890,-245
8891,-249
8892,-244
8893,-250
8894,-248
8895,-250
8896,-250
8897,-247
8898,-249
8899,-250
8900,-248
8901,-246
8902,-247
8903,-243
8904,-250
8905,-250
8906,-248
8907,-250
8908,-249
8909,-250
8910,-248
8911,-250
8912,-249
8913,-249
8914,-246
8915,-250
8916,-249
8917,-250
8918,-243
8919,-250
8920,-250
8921,-250
8922,-249
8923,-250
8924,-250
8925,-250
8926,-248
8927,-250
8928,-247
8929,-249
8930,-251
8931,-246
8932,-250
8933,-249
8934,-246
8935,-250
8936,-250
8937,-250
8938,-250
8939,-250
8940,-248
8941,-250
8942,-250
8943,-249
8944,-18
8945,-247
8946,-250
8947,-250
8948,-250
8949,-250
8950,-249
8951,-250
8952,-248
8953,-250
8954,-248
8955,-248
8956,-245
8957,-250
8958,-250
8959,-249
8960,-247
8961,-248
8962,-250
8963,-250
8964,-250
8965,-248
8966,-248
8967,-249
8968,-250
8969,-250
8970,-249
8971,-250
8972,-249
8973,-250
8974,-250
8975,-249
8976,-250
8977,-249
8978,-249
8979,-250
8980,-256
8981,-250
8982,-250
8983,-250
8984,-249
8985,-250
8986,-252
8987,-247
8988,-248
8989,-85
8990,-249
8991,-245
8992,-250
8993,-250
8994,-250
8995,-249
8996,-250
8997,-249
8998,-248
8999,-249
9000,-247
9001,-249
9002,-250
9003,-250
9004,-250
9005,-250
9006,-248
9007,-247
9008,-250
9009,-248
9010,-250
9011,-250
9012,-247
9013,-250
9014,-250
9015,-248
9016,-60
9017,-250
9018,-247
9019,-250
9020,-244
9021,-250
9022,-250
9023,-250
9024,-247
9025,-249
9026,-250
9027,-249
9028,-250
9029,-248
9030,-250
9031,-250
9032,-250
9033,-249
9034,-249
9035,-250
9036,-250
9037,-250
9038,-250
9039,-250
9040,-250
9041,-250
9042,-250
9043,-241
9044,-250
9045,-248
9046,-250
9047,-250
9048,-250
9049,-253
9050,-250
9051,-250
9052,-250
9053,-248
9054,-250
9055,-250
9056,-248
9057,-249
9058,-246
9059,-250
9060,-250
9061,-248
9062,-250
9063,-250
9064,-250
9065,-248
9066,-250
9067,-248
9068,-250
9069,-250
9070,-249
9071,-250
9072,-250
9073,-250
9074,-250
9075,-250
9076,-248
9077,-249
9078,-250
9079,-250
9080,-250
9081,-248
9082,-250
9083,-248
9084,-247
9085,-246
9086,-255
9087,-247
9088,-249
9089,-249
9090,-250
9091,-250
9092,-250
9093,-250
9094,-250
9095,-249
9096,-250
9097,-250
9098,-249
9099,-250
9100,-249
9101,-254
9102,-250
9103,-250
9104,-250
9105,-248
9106,-250
9107,-247
9108,-249
9109,-248
9110,-247
9111,-250
9112,-250
9113,-250
9114,-250
9115,-249
9116,-250
9117,-250
9118,-250
9119,-250
9120,-250
9121,-250
9122,-248
9123,-250
9124,-248
9125,-250
9126,-250
9127,-249
9128,-249
9129,-249
9130,-245
9131,-255
9132,-250
9133,-249
9134,-249
9135,-250
9136,-17
9137,-250
9138,-250
9139,-250
9140,-256
9141,-250
9142,-249
9143,-250
9144,-250
9145,-250
9146,-250
9147,-85
9148,-250
9149,-249
9150,-249
9151,-249
9152,-250
9153,-247
9154,-250
9155,-242
9156,-249
9157,-250
9158,-250
9159,-249
9160,-250
9161,-249
9162,-250
9163,-250
9164,-249
9165,-249
9166,-249
9167,-250
9168,-247
9169,-249
9170,-244
9171,-250
9172,-250
9173,-250
9174,-249
9175,-250
9176,-246
9177,-250
9178,-250
9179,-250
9180,-248
9181,-250
9182,-250
9183,-250
9184,-249
9185,-250
9186,-250
9187,-247
9188,-250
9189,-250
9190,-248
9191,-250
9192,-249
9193,-242
9194,-244
9195,-250
9196,-250
9197,-250
9198,-250
9199,-249
9200,-242
9201,-250
9202,-248
9203,-249
9204,-248
9205,-250
9206,-250
9207,-250
9208,-247
9209,-250
9210,-250
9211,-250
9212,-250
9213,-247
9214,-250
9215,-249
9216,-246
9217,-250
9218,-250
9219,-250
9220,-250
9221,-250
9222,-250
9223,-250
9224,-250
9225,-250
9226,-250
9227,-249
9228,-246
9229,-250
9230,-250
9231,-245
9232,-246
9233,-250
9234,-250
9235,-250
9236,-250
9237,-249
9238,-249
9239,-250
9240,-256
9241,-248
9242,-249
9243,-250
9244,-249
9245,-249
9246,-249
9247,-247
9248,-246
9249,-248
9250,-250
9251,-249
9252,-246
9253,-250
9254,-250
9255,-145
9256,-250
9257,-248
9258,-250
9259,-250
9260,-245
9261,-249
9262,-247
9263,-249
9264,-249
9265,-249
9266,-250
9267,-250
9268,-249
9269,-247
9270,-249
9271,-250
9272,-243
9273,-250
9274,-249
9275,-249
9276,-250
9277,-249
9278,-250
9279,-250
9280,-248
9281,-250
9282,-254
9283,-250
9284,-249
9285,-250
9286,-249
9287,-250
9288,-249
9289,-240
9290,-250
9291,-248
9292,-250
9293,-248
9294,-250
9295,-247
9296,-250
9297,-250
9298,-249
9299,-248
9300,-249
9301,-250
9302,-249
9303,-249
9304,-249
9305,-250
9306,-250
9307,-250
9308,-250
9309,-250
9310,-250
9311,-250
9312,-245
9313,-249
9314,-247
9315,-248
9316,-250
9317,-250
9318,-250
9319,-250
9320,-250
9321,-249
9322,-250
9323,-250
9324,-256
9325,-249
9326,-250
9327,-249
9328,-250
9329,-250
9330,-250
9331,-250
9332,-250
9333,-249
9334,-250
9335,-249
9336,-249
9337,-248
9338,-250
9339,-250
9340,-249
9341,-250
9342,-249
9343,-250
9344,-250
9345,-250
9346,-250
9347,-249
9348,-248
9349,-245
9350,-249
9351,-249
9352,-250
9353,-250
9354,-249
9355,-250
9356,-250
9357,-250
9358,-250
9359,-250
9360,-248
9361,-249
9362,-250
9363,-249
9364,-250
9365,-253
9366,-249
9367,-250
9368,-250
9369,-254
9370,-250
9371,-12
9372,-250
9373,-248
9374,-248
9375,-250
9376,-249
9377,-249
9378,-249
9379,-250
9380,-249
9381,-248
9382,-47
9383,-250
9384,-250
9385,-250
9386,-250
9387,-250
9388,-249
9389,-249
9390,-245
9391,-249
9392,-250
9393,-249
9394,-250
9395,-250
9396,-249
9397,-249
9398,-250
9399,-247
9400,-250
9401,-248
9402,-250
9403,-250
9404,-249
9405,-249
9406,-248
9407,-250
9408,-250
9409,-250
9410,-250
9411,-250
9412,-248
9413,-250
9414,-249
9415,-251
9416,-250
9417,-249
9418,-248
9419,-250
9420,-250
9421,-250
9422,-250
9423,-250
9424,-248
9425,-249
9426,-250
9427,-250
9428,-250
9429,-250
9430,-29
9431,-247
9432,-249
9433,-250
9434,-250
9435,-250
9436,-250
9437,-250
9438,-250
9439,-250
9440,-250
9441,-243
9442,-250
9443,-241
9444,-250
9445,-246
9446,-247
9447,-248
9448,-250
9449,-250
9450,-248
9451,-250
9452,-247
9453,-249
9454,-249
9455,-250
9456,-249
9457,-250
9458,-249
9459,-250
9460,-250
9461,-249
9462,-249
9463,-248
9464,-250
9465,-250
9466,-249
9467,-247
9468,-250
9469,-250
9470,-250
9471,-250
9472,-250
9473,-249
9474,-250
9475,-248
9476,-249
9477,-250
9478,-250
9479,-250
9480,-249
9481,-250
9482,-249
9483,-250
9484,-250
9485,-31
9486,-248
9487,-250
9488,-246
9489,-249
9490,-250
9491,-250
9492,-250
9493,-250
9494,-248
9495,-250
9496,-250
9497,-250
9498,-250
9499,-246
9500,-249
9501,-249
9502,-250
9503,-249
9504,-249
9505,-250
9506,-249
9507,-249
9508,-250
9509,-248
9510,-249
9511,-251
9512,-250
9513,-250
9514,-249
9515,-249
9516,-249
9517,-249
9518,-248
9519,-249
9520,-249
9521,-107
9522,-250
9523,-250
9524,-250
9525,-250
9526,-250
9527,-246
9528,-250
9529,-247
9530,-250
9531,-250
9532,-256
9533,-258
9534,-249
9535,-248
9536,-248
9537,-250
9538,-248
9539,-249
9540,-28
9541,-250
9542,-250
9543,-250
9544,-250
9545,-250
9546,-250
9547,-248
9548,-248
9549,-249
9550,-249
9551,-246
9552,-250
9553,-250
9554,-250
9555,-248
9556,-250
9557,-250
9558,-249
9559,-250
9560,-248
9561,-249
9562,-248
9563,-249
9564,-246
9565,-250
9566,-250
9567,-250
9568,-250
9569,-249
9570,-250
9571,-249
9572,-250
9573,-250
9574,-250
9575,-249
9576,-250
9577,-248
9578,-249
9579,-250
9580,-250
9581,-249
9582,-250
9583,-37
9584,-246
9585,-250
9586,-249
9587,-249
9588,-250
9589,-249
9590,-250
9591,-250
9592,-249
9593,-249
9594,-249
9595,-248
9596,-41
9597,-259
9598,-249
9599,-247
9600,-249
9601,-247
9602,-250
9603,-257
9604,-250
9605,-250
9606,-249
9607,-250
9608,-250
9609,-248
9610,-250
9611,-249
9612,-250
9613,-249
9614,-250
9615,-249
9616,-247
9617,-249
9618,-249
9619,-248
9620,-249
9621,-250
9622,-253
9623,-250
9624,-249
9625,-250
9626,-250
9627,-244
9628,-248
9629,-247
9630,-249
9631,-249
9632,-250
9633,-250
9634,-250
9635,-245
9636,-249
9637,-249
9638,-249
9639,-253
9640,-248
9641,-248
9642,-250
9643,-248
9644,-249
9645,-249
9646,-250
9647,-252
9648,-250
9649,-249
9650,-253
9651,-250
9652,-250
9653,-250
9654,-250
9655,-248
9656,-250
9657,-250
9658,-249
9659,-245
9660,-250
9661,-243
9662,-250
9663,-247
9664,-250
9665,-249
9666,-250
9667,-250
9668,-250
9669,-250
9670,-250
9671,-249
9672,-250
9673,-250
9674,-249
9675,-250
9676,-250
9677,-250
9678,-250
9679,-248
9680,-250
9681,-249
9682,-250
9683,-245
9684,-249
9685,-248
9686,-248
9687,-249
9688,-250
9689,-250
9690,-250
9691,-249
9692,-250
9693,-249
9694,-250
9695,-248
9696,-248
9697,-250
9698,-248
9699,-248
9700,-249
9701,-250
9702,-250
9703,-249
9704,-249
9705,-249
9706,-250
9707,-258
9708,-250
9709,-247
9710,-250
9711,-249
9712,-249
9713,-249
9714,-250
9715,-249
9716,-250
9717,-250
9718,-249
9719,-249
9720,-250
9721,-250
9722,-250
9723,-250
9724,-249
9725,-249
9726,-250
9727,-250
9728,-250
9729,-250
9730,-249
9731,-247
9732,-246
9733,-250
9734,-250
9735,-249
9736,-250
9737,-248
9738,-249
9739,-249
9740,-248
9741,-250
9742,-247
9743,-249
9744,-250
9745,-250
9746,-250
9747,-250
9748,-249
9749,-250
9750,-250
9751,-249
9752,-248
9753,-250
9754,-249
9755,-249
9756,-249
9757,-250
9758,-247
9759,-250
9760,-249
9761,-249
9762,-250
9763,-250
9764,-250
9765,-250
9766,-249
9767,5
9768,-246
9769,-250
9770,-250
9771,-248
9772,-250
9773,-249
9774,-249
9775,-248
9776,-250
9777,-250
9778,-249
9779,-250
9780,-249
9781,-248
9782,-250
9783,-32
9784,-249
9785,-249
9786,-250
9787,-247
9788,-248
9789,-246
9790,-249
9791,-249
9792,-245
9793,-250
9794,-250
9795,-250
9796,-250
9797,-248
9798,-249
9799,-252
9800,-249
9801,-252
9802,-250
9803,-43
9804,-249
9805,-250
9806,-246
9807,-250
9808,-249
9809,-250
9810,-250
9811,-249
9812,-249
9813,-250
9814,-250
9815,-250
9816,-250
9817,-249
9818,-246
9819,-250
9820,-250
9821,-250
9822,-250
9823,-249
9824,-250
9825,-250
9826,-250
9827,-250
9828,-244
9829,-247
9830,-249
9831,-250
9832,-250
9833,-244
9834,-250
9835,-250
9836,-249
9837,-246
9838,-22
9839,-250
9840,-244
9841,-247
9842,-248
9843,-250
9844,-249
9845,-258
9846,-54
9847,-250
9848,-250
9849,-250
9850,-248
9851,-250
9852,-249
9853,-249
9854,-249
9855,-250
9856,-247
9857,-250
9858,-249
9859,-247
9860,-249
9861,-249
9862,-250
9863,-249
9864,-248
9865,-249
9866,-250
9867,-249
9868,-250
9869,-250
9870,-248
9871,-248
9872,-248
9873,-250
9874,-250
9875,-246
9876,-250
9877,-249
9878,-252
9879,-251
9880,-247
9881,-248
9882,-250
9883,-249
9884,-250
9885,-247
9886,-250
9887,-249
9888,-250
9889,-250
9890,-250
9891,-249
9892,-248
9893,-241
9894,-250
9895,-248
9896,-250
9897,-248
9898,-248
9899,-249
9900,-250
9901,-251
9902,-250
9903,-250
9904,-250
9905,-63
9906,-250
9907,-249
9908,-248
9909,-250
9910,-250
9911,-250
9912,-248
9913,-250
9914,-250
9915,-250
9916,-249
9917,-243
9918,-248
9919,-249
9920,-243
9921,-250
9922,-249
9923,-249
9924,-248
9925,-250
9926,-244
9927,-249
9928,-248
9929,-250
9930,-250
9931,-249
9932,-250
9933,-249
9934,-250
9935,-244
9936,-250
9937,-249
9938,-249
9939,-248
9940,-250
9941,-253
9942,-250
9943,-249
9944,-250
9945,-250
9946,-250
9947,-250
9948,-248
9949,-250
9950,-250
9951,-249
9952,-244
9953,-250
9954,-250
9955,-249
9956,-249
9957,-250
9958,-250
9959,-250
9960,-19
9961,-248
9962,-250
9963,-250
9964,-250
9965,-250
9966,-249
9967,-250
9968,-250
9969,-244
9970,-250
9971,-246
9972,-250
9973,-249
9974,-250
9975,-250
9976,-250
9977,-249
9978,-250
9979,-242
9980,-245
9981,-249
9982,-249
9983,-250
9984,-247
9985,-250
9986,-250
9987,-249
9988,-247
9989,-250
9990,-249
9991,-250
9992,-250
9993,-250
9994,-250
9995,-246
9996,-250
9997,-250
9998,-250
9999,-249
10000,-142
